Año;Trimestre;Provincia;HASTA 512 kbps;+ 512 Kbps - 1 Mbps;+ 1 Mbps - 6 Mbps;+ 6 Mbps - 10 Mbps;+ 10 Mbps - 20 Mbps;+ 20 Mbps - 30 Mbps;+ 30 Mbps;OTROS;TOTAL
2022;4;Buenos Aires;28.934;23.347;259.866;281.55;244.555;98.67;3760.109;97.634;4794.665
2022;4;Capital Federal;516;5.096;31.32;64.653;36.336;8.116;1299.117;106.772;2067.41
2022;4;Catamarca;71;315;2.716;5.028;4.638;3.122;52.739;2.28;456.523
2022;4;Chaco;461;771;16.067;17.846;6.704;3.039;94.866;3.909;1374.431
2022;4;Chubut;109;1.614;46.457;31.007;34.728;15.77;19.048;20.026;277.65
2022;4;Córdoba;99;9.929;143.686;108.195;63.12;20.691;686.33;17.61;1148.561
2022;4;Corrientes;67;3.282;22.647;24.858;7.025;3.77;85.806;7.998;222.386
2022;4;Entre Ríos;107;4.722;45.629;46.7;20.927;22.483;130.406;0;377.867
2022;4;Formosa;84;245;22.458;12.391;6.724;310;18.93;698;1397.503
2022;4;Jujuy;58;1.763;18.652;14.07;36.43;335;46.91;0;510.825
2022;4;La Pampa;68;1.687;52.618;10.334;9.167;4.479;19.783;16.028;182.096
2022;4;La Rioja;18;595;2.531;3.01;24.435;5.029;50.644;0;698.649
2022;4;Mendoza;103;2.954;35.541;20.355;35.935;14.909;161.163;21.144;395.001
2022;4;Misiones;51;3.51;35.622;21.373;12.196;3.182;101.745;8.59;237.218
2022;4;Neuquén;168;994;38.814;13.96;13.008;5.739;85.247;2.25;1321.018
2022;4;Río Negro;111;1.081;32.053;13.931;20.442;7.335;57.495;29.644;272.981
2022;4;Salta;114;1.197;31.53;71.105;5.036;117;90.014;6.747;436.629
2022;4;San Juan;24;2.027;30.069;11.247;20.44;8.188;19.991;11.84;127.802
2022;4;San Luis;60;624;11.785;24.684;13.981;78.506;2.227;3.353;818.536
2022;4;Santa Cruz;51;6.81;11.616;11.509;10.374;3.236;5.559;1.048;101.152
2022;4;Santa Fe;468;9.374;115.767;194.42;73.345;22.899;453.078;18.34;1355.223
2022;4;Santiago Del Estero;178;1.267;26.183;58.136;17.735;661;14.345;989;1945.666
2022;4;Tierra Del Fuego;22;902;11.649;13.634;21.365;3.612;1.812;2.264;978.336
2022;4;Tucumán;39;1.562;29.996;35.425;26.369;1.375;153.538;15.118;302.383
2022;3;Buenos Aires;29.985;27.709;290.315;297.915;267.044;124.19;3618.689;65.821;4721.668
2022;3;Capital Federal;517;5.742;34.371;67.829;51.946;28.692;1253.105;105.477;2064.162
2022;3;Catamarca;71;384;3.107;5.389;5.099;3.737;50.298;2.208;524.838
2022;3;Chaco;461;987;16.782;18.938;8.049;15.828;79.39;3.711;1590.698
2022;3;Chubut;109;1.444;45.707;30.94;34.682;15.309;17.563;20.024;274.669
2022;3;Córdoba;99;11.312;153.324;111.615;70.989;27.112;650.344;13.873;1137.569
2022;3;Corrientes;67;3.865;23.427;23.948;7.776;21.706;56.95;7.107;211.779
2022;3;Entre Ríos;107;5.549;47.21;46.855;18.263;32.021;102.195;16.759;375.852
2022;3;Formosa;97;307;23.538;19.545;6.194;564;17.704;589;1623.981
2022;3;Jujuy;58;1.879;19.135;15.254;36.083;519;45.895;0;695.246
2022;3;La Pampa;68;1.887;61.54;9.653;11.592;5.609;22.731;3.012;184.024
2022;3;La Rioja;18;689;2.842;3.375;24.219;5.331;50.39;0;793.157
2022;3;Mendoza;103;2.953;44.232;21.977;48.201;17.243;150.043;4.771;392.42
2022;3;Misiones;51;3.749;36.628;20.758;12.676;19.615;80.33;8.35;233.106
2022;3;Neuquén;134;991;38.485;14.08;9.2;6.7;78.713;14.858;1287.036
2022;3;Río Negro;111;1.221;32.936;17.86;27.934;13.629;42.596;24.271;271.447
2022;3;Salta;114;1.49;32.923;71.199;5.662;1.001;85.661;6.491;318.427
2022;3;San Juan;24;2.027;30.324;11.247;22.157;6.78;19.221;11.619;127.375
2022;3;San Luis;60;307;6.563;20.813;12.061;67.438;13;14.815;501.69
2022;3;Santa Cruz;52;6.841;12.342;11.313;11.378;2.333;4.604;647;747.811
2022;3;Santa Fe;468;11.132;132.709;198.588;70.897;57.455;396.352;20.209;1355.342
2022;3;Santiago Del Estero;178;1.384;28.357;58.982;16.087;910;12.342;792;1997.152
2022;3;Tierra Del Fuego;22;831;12.002;14.815;20.102;1.752;1.021;3.351;906.043
2022;3;Tucumán;39;2.047;32.571;39.018;25.214;4.348;159.6;280;581.798
2022;2;Buenos Aires;30.639;28.323;295.238;307.554;273.954;129.869;3535.757;65.849;4667.183
2022;2;Capital Federal;517;5.98;36.036;72.434;55.372;31.571;1229.254;105.607;2053.254
2022;2;Catamarca;71;413;3.678;6.155;7.165;3.393;43.926;2.207;550.524
2022;2;Chaco;461;1.047;17.603;20.109;8.391;15.974;76.271;3.708;604.103
2022;2;Chubut;109;1.444;45.804;31.217;34.29;14.526;15.394;20.021;271.696
2022;2;Córdoba;99;11.971;160.486;120.485;71.923;28.645;619.4;13.426;1125.336
2022;2;Corrientes;67;3.937;24.253;24.842;8.001;21.719;55.071;7.107;211.93
2022;2;Entre Ríos;107;5.656;48.637;48.557;18.512;32.355;98.769;16.759;376.245
2022;2;Formosa;97;407;23.834;19.706;6.33;591;16.326;590;1751.196
2022;2;Jujuy;58;1.829;19.458;15.79;37.786;549;37.391;2.453;721.707
2022;2;La Pampa;68;1.887;62.546;9.842;11.8;5.247;17.125;3.012;179.459
2022;2;La Rioja;18;728;3.179;3.89;23.814;5.481;48.92;0;831.284
2022;2;Mendoza;103;2.954;44.961;22.557;64.138;19.543;121.366;3.94;382.459
2022;2;Misiones;51;3.808;37.254;21.712;12.774;19.757;75.107;8.35;229.762
2022;2;Neuquén;134;999;38.826;15.066;9.205;2.039;76.982;18.717;1293.835
2022;2;Río Negro;111;1.227;33.364;17.938;27.168;13.714;41.972;24.27;270.653
2022;2;Salta;114;1.53;33.732;72.661;6.012;1.156;81.478;6.494;317.063
2022;2;San Juan;24;2.027;30.385;11.276;24.649;3.728;16.701;11.617;124.383
2022;2;San Luis;60;306;6.84;21.217;11.052;67.438;13;14.815;500.362
2022;2;Santa Cruz;52;6.841;12.348;11.369;11.885;2.454;3.592;644;744.489
2022;2;Santa Fe;468;11.757;138.534;204.381;74.133;58.114;373.888;17.584;1346.391
2022;2;Santiago Del Estero;178;1.401;29.581;59.931;14.606;883;10.672;792;1969.191
2022;2;Tierra Del Fuego;22;831;12.052;14.828;19.968;1.712;1.006;3.351;905.917
2022;2;Tucumán;39;2.195;34.461;43.513;23.634;4.863;145.541;281;574.207
2022;1;Buenos Aires;31.591;30.056;313.382;321.756;290.127;161.183;3381.049;26.28;4555.424
2022;1;Capital Federal;527;5.575;39.918;77.39;61.053;43.289;1188.072;1.717;1944.014
2022;1;Catamarca;71;456;4.386;7.009;8.773;3.761;35.715;2.207;588.851
2022;1;Chaco;461;1.099;16.888;21.235;20.898;13.012;62.946;7.58;604.658
2022;1;Chubut;113;1.677;61.369;31.856;33.08;13.871;14.055;15.607;284.515
2022;1;Córdoba;100;12.782;165.922;126.009;73.967;34.892;577.027;13.104;1103.703
2022;1;Corrientes;67;4.029;24.563;25.665;27.077;10.452;43.631;7.094;209.511
2022;1;Entre Ríos;107;5.745;50.075;49.62;42.294;21.578;81.757;16.75;374.819
2022;1;Formosa;97;448;24.113;6.945;6.613;716;15.028;588;1901.699
2022;1;Jujuy;58;1.761;22.141;16.321;37.923;576;35.287;2.442;749.875
2022;1;La Pampa;301;2.223;62.812;9.869;12.044;5.25;14.4;2.833;410.431
2022;1;La Rioja;18;778;3.576;4.692;23.624;5.645;45.97;0;879.507
2022;1;Mendoza;114;3.355;51.23;26.407;74.178;21.566;95.048;3.287;389.071
2022;1;Misiones;51;3.873;35.655;22.261;26.855;15.854;58.61;8.349;222.457
2022;1;Neuquén;137;1.123;39.856;15.623;11.163;2.654;71.238;7.885;286.542
2022;1;Río Negro;116;1.383;35.565;18.859;26.926;14.144;37.729;22.652;273.258
2022;1;Salta;114;1.725;35.576;68.246;6.313;2.214;76.838;6.489;311.401
2022;1;San Juan;26;2.269;32.356;11.914;25.144;2.088;11.916;2.465;114.152
2022;1;San Luis;61;643;8.287;3.837;9.802;68.612;13;28.589;836.127
2022;1;Santa Cruz;51;6.898;12.71;11.502;12.277;2.628;2.551;485;584.566
2022;1;Santa Fe;468;12.435;143.796;208.361;84.787;58.018;344.17;18.444;1338.011
2022;1;Santiago Del Estero;178;1.401;30.22;61.17;13.542;849;8.309;792;1933.642
2022;1;Tierra Del Fuego;24;894;12.849;15.64;18.034;1.767;982;2.421;1950.711
2022;1;Tucumán;39;2.212;36.028;46.961;21.014;5.211;133.846;273;557.272
2021;4;Buenos Aires;37.821;11.026;352.95;331.292;297.296;196.021;3259.793;22.958;4509.157
2021;4;Capital Federal;563;1.695;47.133;81.899;66.135;66.755;1147.939;0;1974.556
2021;4;Catamarca;71;0;6.038;7.855;9.804;3.262;29.827;2.233;130.019
2021;4;Chaco;461;112;18.845;22.678;21.937;13.692;58.435;7.585;716.172
2021;4;Chubut;126;1.294;63.698;39.568;31.175;5.78;2.904;15.763;286.182
2021;4;Córdoba;100;2.479;184.548;130.892;76.246;41.198;538.7;12.607;1086.67
2021;4;Corrientes;67;645;28.83;26.368;22.922;10.087;39.911;7.082;847.2
2021;4;Entre Ríos;107;3.024;56.043;49.636;38.295;24.068;77.29;16.583;371.939
2021;4;Formosa;84;0;22.908;6.983;6.811;1.135;13.775;1.967;137.579
2021;4;Jujuy;58;175;22.446;16.793;38.134;564;33.421;2.324;910.118
2021;4;La Pampa;301;493;64.84;9.082;12.259;4.821;12.184;3.027;900.213
2021;4;La Rioja;18;1;5.018;5.437;23.559;5.671;43.424;0;102.109
2021;4;Mendoza;156;1.463;66.428;30.308;75.214;18.621;75.031;366;789.065
2021;4;Misiones;51;5;41.916;23.554;26.721;15.954;54.596;8.335;227.076
2021;4;Neuquén;140;940;42.313;13.264;10.515;3.31;69.217;7.767;1226.386
2021;4;Río Negro;156;1.174;38.373;19.878;31.255;4.13;36.142;22.645;309.597
2021;4;Salta;114;20;40.673;69.324;6.642;3.535;72.622;6.475;333.271
2021;4;San Juan;44;1.442;28.906;10.955;23.978;398;9.8;4.435;521.516
2021;4;San Luis;62;264;8.55;4.276;9.107;67.363;9;29.218;453.514
2021;4;Santa Cruz;52;297;20.305;11.641;13.054;1.77;876;491;1762.77
2021;4;Santa Fe;467;581;169.706;206.856;85.69;62.349;322.015;18.777;1913.393
2021;4;Santiago Del Estero;178;909;31.915;61.524;12.205;800;7.537;793;2793.181
2021;4;Tierra Del Fuego;26;385;13.505;16.534;16.562;1.748;1.017;2.58;462.946
2021;4;Tucumán;39;97;37.321;48.736;21.023;5.326;125.857;240;614.263
2021;3;Buenos Aires;37.193;31.149;1108.94;248.153;141.383;192.797;2482.266;9.728;4251.609
2021;3;Capital Federal;295;603;156.978;67.013;39.785;73.502;1075.229;0;2310.507
2021;3;Catamarca;71;0;6.755;8.428;10.517;1.659;26.618;2.206;127.183
2021;3;Chaco;301;112;22.545;20.986;23.852;14.412;49.705;7.958;552.458
2021;3;Chubut;104;105;89.168;26.281;18.538;5.32;1.643;14.907;364.857
2021;3;Córdoba;99;2.452;204.989;141.285;65.05;47.198;476.459;9.256;1045.689
2021;3;Corrientes;67;645;29.629;28.478;24.792;9.687;35.468;5.053;845.107
2021;3;Entre Ríos;107;3.024;61.354;59.776;39.114;16.284;67.961;12.755;367.268
2021;3;Formosa;381;0;22.778;7.142;6.978;1.192;12.707;1.617;433.414
2021;3;Jujuy;48;175;23.884;16.417;37.755;561;29.917;2.401;894.374
2021;3;La Pampa;298;313;65.063;7.395;8.737;4.023;10.506;4.152;710.876
2021;3;La Rioja;18;1;5.366;5.979;23.315;4.868;42.613;0;101.141
2021;3;Mendoza;36;31;151.871;12.64;62.628;7.596;21.087;50;372.822
2021;3;Misiones;51;5;41.932;25.099;26.079;14.792;42.291;8.279;214.472
2021;3;Neuquén;112;327;57.441;8.566;6.234;3.631;57.919;5.579;578.37
2021;3;Río Negro;125;557;68.991;3.73;14.88;2.282;34.011;20.009;825.903
2021;3;Salta;101;20;41.431;70.104;6.962;3.878;67.01;6.327;316.712
2021;3;San Juan;18;333;59.873;752;13.25;338;278;4.641;1796.764
2021;3;San Luis;60;0;11.552;2.405;6.491;67.942;22;29.392;199.782
2021;3;Santa Cruz;50;0;30.561;8.365;6.799;1.788;678;735;1510.513
2021;3;Santa Fe;467;579;193.207;201.25;83.941;55.08;290.793;16.267;1886.538
2021;3;Santiago Del Estero;123;909;32.752;61.838;11.274;801;6.863;898;2843.727
2021;3;Tierra Del Fuego;17;0;23.723;13.397;9.782;1.433;976;895;1936.335
2021;3;Tucumán;32;97;39.446;50.293;21.986;5.3;115.154;164;525.179
2021;2;Buenos Aires;37.192;31.178;1096.049;244.001;140.322;236.897;2337.604;9.108;4132.351
2021;2;Capital Federal;294;603;157.558;73.568;43.859;86.655;1037.752;66;2362.392
2021;2;Catamarca;71;0;7.219;9.091;6.828;4.941;25.388;2.206;126.673
2021;2;Chaco;301;112;23.444;21.574;24.032;16.069;47.239;7.958;553.316
2021;2;Chubut;104;105;89.639;22.605;16.604;3.896;1.112;5.172;348.028
2021;2;Córdoba;99;2.452;201.757;136.516;66.95;70.824;442.357;9.925;1029.781
2021;2;Corrientes;67;645;29.419;27.037;24.524;10.059;32.697;5.053;840.789
2021;2;Entre Ríos;107;3.024;63.518;55.349;39.468;18.484;61.605;16.077;364.525
2021;2;Formosa;381;0;22.364;7.31;7.46;1.341;11.077;1.618;432.17
2021;2;Jujuy;48;175;24.182;16.577;37.908;607;29.95;2.401;941.018
2021;2;La Pampa;298;554;64.146;7.769;8.128;3.399;9.311;4.062;948.815
2021;2;La Rioja;18;1;5.312;5.971;23.298;4.825;42.158;19;119.564
2021;2;Mendoza;36;31;137.462;10.886;56.117;4.403;20.686;50;346.554
2021;2;Misiones;51;5;41.643;25.907;25.811;16.172;38.308;8.279;212.12
2021;2;Neuquén;112;327;57.713;8.631;5.871;5.943;54.008;5.645;576.811
2021;2;Río Negro;125;557;69.356;3.663;15.019;3.867;31.488;20.009;825.402
2021;2;Salta;101;20;42.543;67.012;7.099;9.654;58.882;6.328;312.518
2021;2;San Juan;18;333;59.989;784;12.55;340;278;4.641;1830.18
2021;2;San Luis;60;0;11.752;2.703;5.418;65.946;22;36.917;204.736
2021;2;Santa Cruz;50;0;30.595;8.463;6.888;1.575;676;735;1508.521
2021;2;Santa Fe;467;896;202.018;204.077;80.452;75.195;262.124;15.371;2202.237
2021;2;Santiago Del Estero;123;909;32.034;62.224;10.359;811;6.064;1.566;1955.247
2021;2;Tierra Del Fuego;17;0;21.335;6.913;4.58;476;889;1.483;1416.311
2021;2;Tucumán;32;97;40.224;51.648;23.732;5.022;109.616;2.68;361.922
2021;1;Buenos Aires;36.939;31.187;1108.368;240.52;163.747;222.061;2246.313;10.867;4060.002
2021;1;Capital Federal;135;244;159.662;76.753;56.457;83.255;1003.041;126;1884.168
2021;1;Catamarca;71;0;7.423;8.455;10.115;712;22.996;2.196;834.185
2021;1;Chaco;301;112;24.357;22.102;27.556;14.496;42.462;8.384;552.357
2021;1;Chubut;106;109;86.986;21.401;15.392;2.844;1.112;4.39;347.125
2021;1;Córdoba;93;2.386;211.799;135.092;74.659;71.984;402.191;12.677;1003.788
2021;1;Corrientes;67;527;31.544;26.223;26.169;9.001;27.641;5.453;720.031
2021;1;Entre Ríos;105;2.911;67.255;56.06;42.432;15.774;54.6;12.826;356.858
2021;1;Formosa;56;0;22.409;7.569;7.916;1.215;9.579;1.942;106.63
2021;1;Jujuy;49;175;23.735;17.293;40.649;568;25.609;2.378;901.664
2021;1;La Pampa;298;554;68.2;7.864;7.611;2.786;7.368;2.424;948.253
2021;1;La Rioja;18;1;36.749;5.968;4.604;215;5.074;-1;285.395
2021;1;Mendoza;28;40;134.386;11.216;52.533;4.061;16.615;44;330.811
2021;1;Misiones;51;524;40.949;25.503;27.101;14.05;32.953;8.256;723.812
2021;1;Neuquén;116;327;56.171;8.443;5.903;5.677;50.84;5.758;575.792
2021;1;Río Negro;125;466;70.011;4.187;13.045;3.642;29.589;20.103;731.577
2021;1;Salta;109;20;40.785;68.149;9.164;8.139;54.889;6.319;316.445
2021;1;San Juan;25;194;60.439;858;11.494;340;276;4.641;1769.574
2021;1;San Luis;58;0;11.889;2.926;4.429;62.913;22;36.917;199.074
2021;1;Santa Cruz;50;0;30.655;8.334;6.987;1.337;647;-1.945;742.368
2021;1;Santa Fe;518;891;201.632;204.458;91.846;65.476;236.924;24.382;2233.718
2021;1;Santiago Del Estero;123;909;33.884;58.464;8.549;700;4.868;4.144;1841.909
2021;1;Tierra Del Fuego;17;0;21.379;1.468;4.317;486;919;11.836;1461
2021;1;Tucumán;29;97;42.81;53.416;25.255;4.188;103.437;2.68;357.786
2020;4;Buenos Aires;36.939;31.197;1109.865;242.243;214.171;213.588;2176.242;9.016;4033.261
2020;4;Capital Federal;135;244;160.21;78.123;60.208;80.269;1000.073;268;2025.883
2020;4;Catamarca;71;0;8.843;8.74;11.436;591;20.406;2.309;713.734
2020;4;Chaco;301;112;24.782;22.479;26.802;15.701;40.949;7.965;551.678
2020;4;Chubut;106;109;88.157;21.824;12.046;2.818;1.112;4.402;345.359
2020;4;Córdoba;119;2.386;214.963;135.262;82.221;70.013;384.169;13.568;1021.582
2020;4;Corrientes;67;527;31.9;26.321;25.687;9.383;26.789;4.985;719.065
2020;4;Entre Ríos;105;2.911;65.659;53.556;40.755;16.6;53.141;14.654;352.276
2020;4;Formosa;56;0;23.54;7.606;7.181;1.197;8.946;1.68;106.15
2020;4;Jujuy;49;182;23.772;14.379;44.93;446;19.282;2.811;782.174
2020;4;La Pampa;298;554;70.184;8.124;6.562;2.396;6.257;2.52;948.043
2020;4;La Rioja;18;1;36.906;6.06;4.633;181;4.979;0;252.578
2020;4;Mendoza;28;40;146.312;11.172;40.396;3.378;11.557;2.57;283.385
2020;4;Misiones;51;524;39.988;26.078;26.445;14.81;32.264;7.001;721.586
2020;4;Neuquén;116;327;56.434;8.478;5.791;5.493;50.776;5.72;575.692
2020;4;Río Negro;125;466;70.305;4.153;13.131;3.512;29.372;20.146;731.619
2020;4;Salta;109;514;41.443;68.829;15.188;8.291;46.697;6.319;809.767
2020;4;San Juan;25;194;61.316;740;5.126;332;275;4.588;1637.03
2020;4;San Luis;58;0;14.02;3.49;2.688;62.239;22;36.918;199.355
2020;4;Santa Cruz;47;0;27.173;4.382;6.634;1.033;647;758;1491.222
2020;4;Santa Fe;518;891;206.372;203.793;94.246;65.145;226.246;23.602;2228.404
2020;4;Santiago Del Estero;123;909;34.518;57.59;4.666;411;4.52;3.932;1548.226
2020;4;Tierra Del Fuego;17;0;21.881;6.119;3.497;488;922;6.69;1465.187
2020;4;Tucumán;29;97;44.095;54.334;32.155;4.105;93.594;2.68;356.963
2020;3;Buenos Aires;37.542;31.514;1113.823;234.71;219.772;194.248;2085.815;19.853;3937.277
2020;3;Capital Federal;264;312;162.222;85.083;68.753;78.028;977.766;247;2194.852
2020;3;Catamarca;63;0;8.276;8.768;11.195;562;18.886;2.154;674.279
2020;3;Chaco;308;112;24.675;21.639;27.546;13.751;38.729;7.194;553.534
2020;3;Chubut;158;109;87.559;22.114;12.217;2.818;1.11;3.942;396.76
2020;3;Córdoba;168;3.064;218.599;124.833;84.236;63.823;361.021;11.728;1035.304
2020;3;Corrientes;72;527;35.19;23.315;25.308;8.615;25.344;5.02;721.792
2020;3;Entre Ríos;130;2.911;66.648;51.478;40.797;14.377;49.395;15.759;371.365
2020;3;Formosa;391;151;23.163;7.432;7.125;991;8.219;1.737;1580.676
2020;3;Jujuy;55;182;32.131;10.566;45.198;293;15.238;3.065;636.198
2020;3;La Pampa;293;810;66.695;7.82;5.577;2.189;6.322;4.029;1195.632
2020;3;La Rioja;21;1;37.105;5.955;4.66;124;4.748;2;200.468
2020;3;Mendoza;58;40;141.404;12.123;42.433;3.448;8.237;45;350.645
2020;3;Misiones;71;524;39.005;24.215;25.942;13.663;30.987;8.779;737.591
2020;3;Neuquén;218;327;60.463;6.561;5.975;5.449;49.439;803;1475.887
2020;3;Río Negro;114;466;68.986;3.769;7.096;3.455;28.488;19.093;710.887
2020;3;Salta;129;514;32.78;64.736;15.99;7.928;43.773;14.996;823.203
2020;3;San Juan;48;194;65.526;711;6.529;41;128;4.15;1198.205
2020;3;San Luis;105;0;12.199;3.351;2.666;61.319;8;36.917;229.452
2020;3;Santa Cruz;66;0;26.888;4.015;6.73;629;120;833;1685.633
2020;3;Santa Fe;568;1.241;213.353;199.381;92.095;58.797;210.562;27.001;1370.43
2020;3;Santiago Del Estero;133;909;33.287;57.418;4.658;292;3.994;4.801;1438.158
2020;3;Tierra Del Fuego;11;0;22.094;5.414;3.726;481;937;6.992;1467.226
2020;3;Tucumán;52;97;45.913;54.61;33.126;3.246;84.195;2.637;372.727
2020;2;Buenos Aires;37.542;31.606;1129.236;241.336;233.132;188.995;1894.466;21.233;3777.546
2020;2;Capital Federal;264;312;166.474;94.585;79.858;80.16;935.481;687;2619.558
2020;2;Catamarca;63;0;8.801;8.69;10.242;426;16.578;3.176;536.487
2020;2;Chaco;308;928;24.35;21.14;29.044;12.082;33.311;6.969;1362.896
2020;2;Chubut;158;109;69.578;22.188;10.537;1.473;614;3.999;988.775
2020;2;Córdoba;168;4.383;219.025;125.932;89.53;63.216;325.243;8.971;1004.3
2020;2;Corrientes;72;527;34.242;22.845;25.844;7.898;22.418;5.02;717.267
2020;2;Entre Ríos;130;3.679;66.758;50.64;42.09;12.856;43.391;14.569;363.983
2020;2;Formosa;391;151;23.534;7.109;6.998;961;7.475;1.313;1549.429
2020;2;Jujuy;55;182;30.548;10.519;26.829;209;9.417;16.557;539.87
2020;2;La Pampa;293;810;71.218;7.531;3.8;1.657;3.377;1.123;1191.706
2020;2;La Rioja;21;1;37.375;5.661;4.686;73;4.336;2;149.058
2020;2;Mendoza;58;40;142.253;12.439;35.274;3.248;5.422;2.45;299.086
2020;2;Misiones;71;524;39.867;23.719;26.445;12.305;28.763;8.646;734.745
2020;2;Neuquén;218;327;61.171;6.103;6.625;5.296;46.432;0;670.627
2020;2;Río Negro;114;466;70.817;3.335;7.498;3.246;26.953;17.057;708.906
2020;2;Salta;129;514;41.801;64.463;16.989;7.741;39.594;6.531;820.119
2020;2;San Juan;48;194;59.113;917;4.908;40;127;4.43;1394.451
2020;2;San Luis;105;0;11.439;3.585;1.934;60.889;8;35.992;226.839
2020;2;Santa Cruz;66;0;26.938;4.166;6.541;546;119;493;1261.645
2020;2;Santa Fe;568;2.061;213.054;198.772;96.575;57.236;189.473;20.193;1345.364
2020;2;Santiago Del Estero;133;1.779;32.557;57.709;5.178;247;3.328;4.516;485.067
2020;2;Tierra Del Fuego;11;0;22.325;5.186;3.034;391;796;7.446;1235.991
2020;2;Tucumán;52;97;49.028;54.537;34.184;2.246;74.377;2.635;366.007
2020;1;Buenos Aires;38.215;36.802;1122.034;236.421;247.977;205.78;1802.583;28.935;3718.747
2020;1;Capital Federal;264;312;169.651;102.254;89.665;85.899;906.009;0;1929.478
2020;1;Catamarca;63;0;8.838;7.543;9.558;408;10.299;2.151;509.389
2020;1;Chaco;308;928;23.291;19.976;29.851;10.416;28.539;6.917;1354.99
2020;1;Chubut;158;109;69.586;12.957;7.756;1.24;614;4.5;977.039
2020;1;Córdoba;142;5.128;217.229;120.188;95.827;65.733;296.875;9.802;952.782
2020;1;Corrientes;72;527;33.479;21.382;26.679;7.351;19.467;4.78;712.138
2020;1;Entre Ríos;130;4.081;72.28;47.132;41.125;11.988;39.794;13.762;360.162
2020;1;Formosa;1.127;342;23.761;6.5;6.564;964;6.918;100;1450.87
2020;1;Jujuy;55;182;33.12;9.979;26.693;166;7.349;16.545;496.686
2020;1;La Pampa;293;811;72.74;7.199;3.029;1.342;2.113;1.618;1192.041
2020;1;La Rioja;21;1;37.209;5.158;4.64;22;1.294;0;92.301
2020;1;Mendoza;58;40;140.41;12.285;17.489;2.86;3.818;0;274.862
2020;1;Misiones;71;524;36.622;21.271;26.433;11.581;26.313;10.885;728.105
2020;1;Neuquén;218;327;60.152;5.257;7.123;5.399;43.738;0;666.669
2020;1;Río Negro;114;466;69.154;2.93;7.857;3.199;25.488;17.719;706.347
2020;1;Salta;129;514;38.537;63.714;17.991;8.625;34.744;6.441;813.052
2020;1;San Juan;48;194;59.787;1.594;1.292;40;127;4.779;476.452
2020;1;San Luis;105;0;11.322;4.164;525;58.258;5;36.075;744.819
2020;1;Santa Cruz;67;11;27.447;4.993;5.169;529;119;0;763.609
2020;1;Santa Fe;696;2.994;217.553;196.826;104.56;48.448;173.823;17.656;1457.86
2020;1;Santiago Del Estero;133;1.779;33.086;56.884;3.737;135;2.799;4.501;370.786
2020;1;Tierra Del Fuego;11;1;22.976;5.024;1.834;196;518;7.046;762.88
2020;1;Tucumán;52;97;49.555;50.383;31.096;1.73;67.536;0;349.3
2019;4;Buenos Aires;33.489;27.537;1177.446;262.297;247.106;452.57;1465.133;20.676;3686.254
2019;4;Capital Federal;307;15;177.098;110.218;110.852;205.81;753.805;0;1679.783
2019;4;Catamarca;63;0;9.945;7.619;9.305;804;7.477;3.098;904.444
2019;4;Chaco;83;0;25.899;18.959;30.902;13.516;21.556;6.988;200.82
2019;4;Chubut;158;4;69.405;12.945;7.615;1.24;614;4.121;871.326
2019;4;Córdoba;142;0;232.781;118.232;109.33;114.111;221.742;10.35;948.546
2019;4;Corrientes;72;0;35.055;20.62;27.367;9.981;15.744;4.995;185.762
2019;4;Entre Ríos;47;0;88.203;44.511;42.962;18.976;30.153;14.178;285.983
2019;4;Formosa;1.127;191;24.606;6.319;6.788;1.766;5.671;243;480.277
2019;4;Jujuy;55;0;32.92;9.632;26.764;102;5.286;14.122;245.724
2019;4;La Pampa;293;313;76.747;6.9;1.951;1.287;1.342;1.566;695.793
2019;4;La Rioja;21;0;37.846;5.045;4.763;22;1.305;0;91.959
2019;4;Mendoza;746;9;145.139;12.955;15.237;2.165;2.628;6.901;940.025
2019;4;Misiones;71;0;39.664;20.84;27.305;15.626;20.799;11.508;206.742
2019;4;Neuquén;218;1;57.37;4.439;7.357;12.059;35.001;0;335.226
2019;4;Río Negro;114;0;71.847;2.797;8.558;6.968;19.837;17.019;241.026
2019;4;Salta;149;1;42.159;67.656;15.369;14.17;25.821;7.12;322.295
2019;4;San Juan;48;1;60.626;1.594;1.292;40;127;1.246;280.758
2019;4;San Luis;105;0;11.901;4.164;525;55.216;3;36.287;740.568
2019;4;Santa Cruz;67;0;32.368;4.346;2.224;7;8;350;470.938
2019;4;Santa Fe;698;0;230.234;190.664;113.527;70.998;135.576;27.472;1466.471
2019;4;Santiago Del Estero;133;908;34.911;56.309;3.756;105;2.449;5.017;1248.442
2019;4;Tierra Del Fuego;11;0;23.593;5.05;1.848;139;1.962;7.789;190.242
2019;4;Tucumán;55;0;54.544;52.017;28.916;6.405;56.707;0;253.589
2019;3;Buenos Aires;238.92;44.648;1432.722;222.812;260.506;483.572;1246.209;42.294;3971.683
2019;3;Capital Federal;104;368;269.704;120.924;138.011;258.591;655.108;0;1914.338
2019;3;Catamarca;34;43;14.449;9.285;6.333;72;15;2.151;196.218
2019;3;Chaco;69;1.216;32.764;28.198;13.336;12.987;16.74;6.917;181.158
2019;3;Chubut;74;840;62.68;13.033;7.171;1.24;614;4.5;1616.624
2019;3;Córdoba;83;5.824;240.151;106.651;118.486;146.247;157.546;7.353;865.258
2019;3;Corrientes;10;597;42.231;29.628;10.348;10.388;12.674;4.78;717.049
2019;3;Entre Ríos;19;4.446;99.656;56.161;17.064;21.216;22.645;15.107;255.295
2019;3;Formosa;1.11;349;24.943;6.049;7.117;2.262;4.443;100;494.924
2019;3;Jujuy;27;885;31.722;9.24;26.835;56;3.671;16.545;1056.013
2019;3;La Pampa;237;3.289;75.849;5.922;1.611;1.359;941;1.618;1267.648
2019;3;La Rioja;9;10;38.657;4.786;4.887;22;1.307;0;90.637
2019;3;Mendoza;21;1.269;206.821;2.958;10.093;1.263;349;0;592.404
2019;3;Misiones;47;1.928;43.53;29.375;11.256;16.107;16.65;12.206;178.052
2019;3;Neuquén;45;2.258;62.909;4.586;9.597;16.923;28.458;122;291.731
2019;3;Río Negro;47;1.234;87.435;2.348;9.779;10.176;15.505;17.719;191.196
2019;3;Salta;49;900;43.16;62.23;14.309;11.418;12.357;7.515;1099.989
2019;3;San Juan;22;171;68.315;2.245;1.267;41;128;4.779;438.606
2019;3;San Luis;57;100;18.643;5.113;467;62.242;5;36.075;751.073
2019;3;Santa Cruz;28;84;31.612;4.472;1.203;27;4;0;180.287
2019;3;Santa Fe;640;8.184;242.454;193.286;107.068;84.325;97.082;19.537;1391.936
2019;3;Santiago Del Estero;39;1.832;35.554;55.172;3.612;86;1.836;34.501;257.507
2019;3;Tierra Del Fuego;6;14;32.133;4.692;1.756;82;226;9.648;376.229
2019;3;Tucumán;16;110;71.043;47.693;24.354;843;20.385;0;1132.475
2019;2;Buenos Aires;199.768;46.852;1436.259;217.785;438.663;502.275;985.767;43.438;3870.807
2019;2;Capital Federal;74;1.027;281.37;124.087;239.691;296.155;475.991;;1492.321
2019;2;Catamarca;34;43;16.631;8.67;6.049;34;10;2.151;154.501
2019;2;Chaco;69;1.383;38.488;26.431;16.789;15.348;9.904;1.492;178.835
2019;2;Chubut;66;3.952;69.032;10.049;1.495;74;165;4.5;394.028
2019;2;Córdoba;81;8.165;248.427;100.512;157.458;170.159;76.053;8.938;850.712
2019;2;Corrientes;10;3.012;40.424;27.774;13.114;11.928;7.119;6.08;119.451
2019;2;Entre Ríos;18;5.905;100.687;52.316;23.196;24.221;10.664;17.206;252.195
2019;2;Formosa;1.11;349;26.512;5.399;8.384;2.639;2.258;100;495.302
2019;2;Jujuy;27;940;26.233;8.441;26.7;27;2.6;21.765;1079.739
2019;2;La Pampa;236;3.289;75.406;5.191;1.366;1.445;629;2.661;954.358
2019;2;La Rioja;9;11;39.819;4.297;4.857;13;1.298;;83.271
2019;2;Mendoza;20;2.522;205.165;2.971;10.092;1.256;234;;476.006
2019;2;Misiones;47;2.226;45.769;27.385;15.408;18.882;8.129;12.206;177.005
2019;2;Neuquén;302;3.038;61.776;4.688;17.318;21.21;14.132;422;846.162
2019;2;Río Negro;384;1.354;86.366;2.201;10.291;12.407;6.907;18.519;522.045
2019;2;Salta;49;974;59.638;36.923;16.961;14.059;6.461;7.585;1164.627
2019;2;San Juan;22;213;60.913;2.177;785;7;4;6.119;1100.209
2019;2;San Luis;57;102;16.575;4.964;467;57.236;5;37.977;747.752
2019;2;Santa Cruz;25;84;24.861;3.806;1.202;28;4;;170.869
2019;2;Santa Fe;321;8.427;300.124;125.176;129.741;100.131;49.865;22.323;1056.787
2019;2;Santiago Del Estero;39;1.832;63.268;21.362;3.741;108;1.205;34.501;272.909
2019;2;Tierra Del Fuego;6;123;41.824;4.241;1.573;96;32;;304.638
2019;2;Tucumán;16;157;78.891;44.296;24.291;628;18.394;;966.872
2019;1;Buenos Aires;162.513;72.296;1429.964;202.511;576.428;576.859;705.769;6.369;3732.709
2019;1;Capital Federal;74;7.417;283.787;131.007;330.122;365.713;283.463;0;1475.509
2019;1;Catamarca;34;1.708;18.761;6.443;5.606;29;7;2.151;104.669
2019;1;Chaco;69;3.801;38.719;25.632;18.965;12.393;6.368;1.035;175.913
2019;1;Chubut;66;3.938;71.077;6.571;787;74;165;0;1173.586
2019;1;Córdoba;81;20.403;242.769;96.997;200.681;127.965;50.716;6.806;827.337
2019;1;Corrientes;10;6.47;38.402;26.562;15.498;9.688;5.029;0;111.649
2019;1;Entre Ríos;18;9.217;107.013;50.068;28.957;18.146;7.619;12.142;251.162
2019;1;Formosa;1.11;3.023;23.085;5.301;9.027;2.099;1.654;0;45.299
2019;1;Jujuy;27;2.817;30.727;7.811;4.021;30;1.141;37.162;140.679
2019;1;La Pampa;236;8.327;70.538;4.466;1.061;1.354;405;698;1424.746
2019;1;La Rioja;9;1.169;40.285;4.088;5.216;17;869;0;945.758
2019;1;Mendoza;20;1.786;205.383;2.837;5.702;111;140;0;486.708
2019;1;Misiones;47;5.946;45.266;25.89;19.111;16.552;5.167;7.654;172.586
2019;1;Neuquén;1.328;3.055;52.36;1.781;21.452;17.135;11.026;6.105;114.242
2019;1;Río Negro;384;1.583;84.845;2.037;13.615;9.567;5.076;3.719;504.442
2019;1;Salta;49;4.232;59.244;36.473;22.91;10.861;2.242;1;185.962
2019;1;San Juan;22;229;62.38;266;520;3;2;560;1664.38
2019;1;San Luis;57;120;21.38;53.214;345;6;2;23.577;628.171
2019;1;Santa Cruz;25;128;21.99;2.731;702;26;4;0;909.721
2019;1;Santa Fe;333;29.35;296.798;122.959;153.212;74.575;36.502;18.591;1064.987
2019;1;Santiago Del Estero;39;3.372;62.895;20.691;3.959;85;494;0;708.917
2019;1;Tierra Del Fuego;6;131;38.851;3.623;641;80;29;0;929.474
2019;1;Tucumán;16;5.188;82.24;42.877;26.21;847;14.839;0;1034.354
2018;4;Buenos Aires;134.673;73.761;1422.463;194.426;577.679;949.093;265.386;19.125;3636.606
2018;4;Capital Federal;74;7.388;283.281;143.309;330.496;437.662;186.81;0;1462.946
2018;4;Catamarca;34;1.669;17.955;6.425;5.461;29;7;2.003;103.513
2018;4;Chaco;69;3.405;36.437;25.633;18.965;12.393;6.368;0;172.201
2018;4;Chubut;66;3.917;66.061;6.215;531;623;165;1.144;1462.337
2018;4;Córdoba;81;24.102;228.475;97.277;201.639;128.053;48.809;8.903;818.258
2018;4;Corrientes;10;6.438;37.376;26.562;15.498;9.688;5.029;0;110.591
2018;4;Entre Ríos;18;8.769;94.78;50.027;29.002;18.146;7.612;13.693;240.029
2018;4;Formosa;1.11;3.074;22.962;5.285;9.027;2.092;1.654;0;45.204
2018;4;Jujuy;27;2.803;30.727;7.811;4.021;30;1.141;43.573;147.076
2018;4;La Pampa;241;7.727;70.508;3.661;978;1.328;270;923;2495.224
2018;4;La Rioja;9;1.164;40.285;4.088;5.216;17;869;3;948.753
2018;4;Mendoza;20;1.463;197.45;2.494;4.726;19;132;0;377.133
2018;4;Misiones;47;5.981;43.267;26.019;19.226;16.566;5.167;0;163.226
2018;4;Neuquén;1.328;3.044;52.313;1.781;21.452;17.135;11.025;6.287;114.365
2018;4;Río Negro;384;1.225;83.412;643;13.44;9.569;5.07;3.094;1142.81
2018;4;Salta;49;3.659;58.492;36.365;22.91;10.861;2.242;0;183.529
2018;4;San Juan;22;1.465;59.811;180;312;1;1;606;1183.276
2018;4;San Luis;57;109;19.164;53.183;119;62;2;23.635;444.982
2018;4;Santa Cruz;25;115;23.107;779;206;1;4;531;1684.107
2018;4;Santa Fe;335;31.397;276.301;121.009;152.039;74.432;36.427;28.45;1055.055
2018;4;Santiago Del Estero;39;3.25;61.347;20.127;3.686;77;483;326;1013.41
2018;4;Tierra Del Fuego;6;27;29.919;6.323;9.894;24;67;0;170.136
2018;4;Tucumán;16;5.244;82.089;42.766;26.111;847;14.839;92;1126.049
2018;3;Buenos Aires;991;80.459;1445.733;190.805;636.09;897.964;237.248;120.464;4599.763
2018;3;Capital Federal;73;8.493;287.919;147.253;370.677;415.02;165.055;0;1467.417
2018;3;Catamarca;34;1.994;18.475;6.358;5.32;34;7;2.151;109.298
2018;3;Chaco;70;3.503;38.729;24.916;20.335;11.085;5.667;1.035;175.27
2018;3;Chubut;67;3.951;91.096;6.162;531;623;164;0;1486.209
2018;3;Córdoba;81;24.767;224.471;96.372;221.984;109.333;39.854;6.49;804.271
2018;3;Corrientes;11;6.754;38.364;24.953;16.601;8.357;4.419;0;110.448
2018;3;Entre Ríos;18;9.048;96.095;45.651;31.353;15.111;6.786;0;222.044
2018;3;Formosa;1.11;3.365;22.624;5.259;9.336;1.729;1.434;0;44.857
2018;3;Jujuy;345;3.02;29.048;7.756;4.066;39;623;0;1050.89
2018;3;La Pampa;242;8.417;68.507;3.153;920;1.189;216;698;2157.266
2018;3;La Rioja;9;1.291;40.647;4.138;5.425;20;339;0;419.501
2018;3;Mendoza;20;1.525;199.297;2.476;4.727;27;129;0;384.025
2018;3;Misiones;48;5.749;39.617;24.747;21.212;14.674;4.547;0;158.546
2018;3;Neuquén;1.396;2.244;55.822;1.647;23.785;15.218;9.718;6.105;115.935
2018;3;Río Negro;409;5.221;75.929;512;14.912;8.47;4.332;3.719;1033.583
2018;3;Salta;116;3.721;61.795;32.782;25.582;9.224;502;0;751.104
2018;3;San Juan;22;1.326;62.525;180;312;3;1;0;581.851
2018;3;San Luis;57;109;19.17;52.94;119;63;2;1.902;424.012
2018;3;Santa Cruz;26;116;32.815;778;206;1;3;0;1162.815
2018;3;Santa Fe;467;36.786;269.211;115.907;162.545;62.479;31.266;13.911;1159.105
2018;3;Santiago Del Estero;41;2.55;60.26;19.116;3.806;64;265;0;455.732
2018;3;Tierra Del Fuego;6;187;41.569;2.27;231;24;13;0;504.839
2018;3;Tucumán;16;5.993;81.559;43.282;27.062;941;12.187;0;1127.083
2018;2;Buenos Aires;1.009;81.354;1459.443;295.457;816.056;536.049;199.589;113.357;3502.314
2018;2;Capital Federal;73;9.234;290.291;219.166;445.345;264.805;142.253;0;1444.094
2018;2;Catamarca;34;2.414;14.624;6.112;4.347;36;6;6.5;109.997
2018;2;Chaco;70;2.968;34.167;24.282;21.887;9.251;4.63;1.035;168.22
2018;2;Chubut;67;4.471;85.598;5.369;4;5;9;5.01;185.448
2018;2;Córdoba;81;21.779;219.63;102.596;244.291;78.852;34.95;8.11;791.208
2018;2;Corrientes;11;7.047;38.268;24.066;17.926;6.78;3.862;0;108.949
2018;2;Entre Ríos;18;8.179;94.459;44.57;34.281;12.012;5.92;0;217.421
2018;2;Formosa;1.11;3.568;22.409;5.176;9.727;1.313;1.243;0;44.546
2018;2;Jujuy;345;3.32;29.319;8.083;3.977;44;7;0;440.699
2018;2;La Pampa;244;8.797;68.083;2.409;965;969;179;698;3134.289
2018;2;La Rioja;9;1.384;40.679;4.198;5.64;20;15;0;95.901
2018;2;Mendoza;20;1.658;164.596;515;266;17;72;33.788;1090.042
2018;2;Misiones;48;6.092;39.489;23.569;23.747;11.888;3.866;0;156.651
2018;2;Neuquén;1.396;2.408;56.035;1.314;26.417;12.442;8.551;6.105;114.668
2018;2;Río Negro;409;5.298;75.056;523;16.48;6.663;3.725;3.975;1043.197
2018;2;Salta;116;3.99;61.763;33.285;28.431;7.239;182;0;432.708
2018;2;San Juan;22;1.378;57.591;11;0;3;0;5.068;100.037
2018;2;San Luis;57;101;11.992;11;0;7;2;9.284;199.276
2018;2;Santa Cruz;26;120;28.6;655;100;1;3;4.267;937.867
2018;2;Santa Fe;744;34.267;262.603;112.143;175.54;50.525;26.512;22.257;1427.847
2018;2;Santiago Del Estero;41;2.717;41.362;18.721;3.278;31;31;17.589;186.667
2018;2;Tierra Del Fuego;6;188;40.912;2.217;75;0;0;107;419.129
2018;2;Tucumán;16;6.735;79.899;44.968;27.059;1.084;8.784;1.305;185.834
2018;1;Buenos Aires;1.514;74.766;1445.752;292.732;886.678;480.237;184.203;105.818;3471.7
2018;1;Capital Federal;89;10.039;292.566;222.737;487.826;227.953;127.384;0;1457.505
2018;1;Catamarca;34;2.896;14.77;6.145;3.539;41;4;6.5;112.85
2018;1;Chaco;70;3.261;32.516;24.488;23.296;8.219;3.897;1.035;166.712
2018;1;Chubut;67;4.314;83.161;5.358;4;5;9;5.01;182.843
2018;1;Córdoba;281;23.922;222.815;104.3;266.259;57.137;29.228;10.049;994.71
2018;1;Corrientes;11;5.005;37.152;24.038;19.068;5.89;3.256;0;105.409
2018;1;Entre Ríos;18;8.861;90.08;45.599;37.401;9.818;5.071;0;214.83
2018;1;Formosa;1.11;3.803;10.092;5.117;10.061;1.091;1.046;0;32.32
2018;1;Jujuy;345;4.807;27.219;8.044;3.925;49;4;0;441.995
2018;1;La Pampa;245;8.119;67.104;1.616;1.076;614;98;3.503;1038.418
2018;1;La Rioja;9;1.485;40.68;4.217;5.831;19;1;0;81.213
2018;1;Mendoza;20;1.662;164.599;501;266;19;72;33.788;1078.049
2018;1;Misiones;48;4.7;35.82;23.291;26.223;10.241;3.219;0;151.494
2018;1;Neuquén;1.396;2.367;59.468;1.311;29.012;9.709;7.378;6.105;116.746
2018;1;Río Negro;409;5.333;74.894;530;17.997;4.972;3.129;3.975;1049.3
2018;1;Salta;116;4.459;60.334;33.088;30.771;5.145;88;0;337.797
2018;1;San Juan;22;1.058;57.078;11;0;3;0;5.068;99.204
2018;1;San Luis;57;101;11.92;11;0;7;2;9.284;199.204
2018;1;Santa Cruz;26;120;28.6;655;100;1;3;4.267;937.867
2018;1;Santa Fe;1.359;33.639;262.008;108.576;188.9;39.589;22.801;23.181;680.053
2018;1;Santiago Del Estero;41;2.91;41.298;18.914;3.449;33;2;17.589;160.16
2018;1;Tierra Del Fuego;6;307;33.987;2;0;0;0;107;455.987
2018;1;Tucumán;16;7.472;78.811;45.675;26.405;1.218;7.082;1.305;183.968
2017;4;Buenos Aires;3.865;55.046;1551.194;264.645;712.513;335.14;151.747;114.182;3188.332
2017;4;Capital Federal;314;31.411;517.018;284.04;458.12;178.396;114.939;0;1897.924
2017;4;Catamarca;34;3.182;15.315;5.904;2.927;43;2;2.151;108.479
2017;4;Chaco;70;3.432;37.144;24.088;20.123;7.29;3.289;1.035;166.401
2017;4;Chubut;67;4.313;83.676;5.355;7;5;9;0;181.344
2017;4;Córdoba;291;25.411;280.837;102.892;217.602;40.898;24.251;8.429;991.32
2017;4;Corrientes;11;5.22;41.08;23.686;16.046;5.053;2.675;0;104.76
2017;4;Entre Ríos;1.685;9.078;95.466;45.189;30.01;7.958;4.113;0;193.499
2017;4;Formosa;1.11;4.061;13.22;4.867;6.996;977;824;0;1831.254
2017;4;Jujuy;345;5.364;26.566;7.721;3.507;44;3;0;435.158
2017;4;La Pampa;310;8.729;66.053;1.227;792;391;81;3.503;1653.512
2017;4;La Rioja;9;1.488;40.777;4.083;5.813;22;3;0;86.161
2017;4;Mendoza;26;1.656;177.646;438;278;29;81;0;1031.302
2017;4;Misiones;1.053;3.9;41.723;23.131;22.262;9.091;2.735;0;103.895
2017;4;Neuquén;1.396;2.372;68.036;1.325;22.781;7.528;6.3;6.105;115.843
2017;4;Río Negro;409;5.598;81.078;485;12.502;3.447;2.44;3.719;1002.784
2017;4;Salta;636;4.275;73.284;32.842;18.968;3.559;84;0;852.928
2017;4;San Juan;22;1.062;57.525;9;0;2;2;0;93.587
2017;4;San Luis;59;101;12.822;8;0;1;7;1.902;190.724
2017;4;Santa Cruz;68;78;29.073;655;100;1;3;0;934.073
2017;4;Santa Fe;3.109;34.132;309.998;108.939;151.329;30.736;19.602;14.119;671.964
2017;4;Santiago Del Estero;41;3.091;43.544;18.773;3.359;32;2;0;143.767
2017;4;Tierra Del Fuego;6;310;31.334;2;0;0;0;0;349.334
2017;4;Tucumán;105;8.164;78.75;45.241;24.318;1.303;4.367;0;267.143
2017;3;Buenos Aires;6.577;51.411;1733.479;311.652;676.137;140.812;108.4;0;3028.468
2017;3;Capital Federal;283;33.924;590.689;311.411;426.3;120.675;91.917;0;1857.916
2017;3;Catamarca;52;3.204;15.383;5.758;2.563;50;1;0;129.908
2017;3;Chaco;95;3.496;40.059;23.008;20.307;3.827;2.004;0;187.701
2017;3;Chubut;436;3.989;71.843;2.336;3;0;0;0;517.168
2017;3;Córdoba;327;26.154;309.161;100.113;189.302;38.131;16.741;0;1006.602
2017;3;Corrientes;24;5.629;44.305;22.785;15.576;2.635;1.607;0;116.537
2017;3;Entre Ríos;1.691;7.545;98.032;42.947;29.011;3.878;2.397;0;185.501
2017;3;Formosa;1.063;3.716;13.752;5.187;6.056;899;459;0;1387.774
2017;3;Jujuy;337;5.723;26.835;7.369;2.962;41;2;0;422.889
2017;3;La Pampa;343;8.244;64.794;855;588;327;51;0;2237.038
2017;3;La Rioja;16;1.497;40.882;3.899;5.604;23;3;0;93.882
2017;3;Mendoza;32;95;158.461;115;67;29;19;0;515.461
2017;3;Misiones;1.058;4.123;42.9;22.808;23.913;3.843;1.881;0;100.526
2017;3;Neuquén;2.036;1.457;72.532;1.034;20.213;7.067;4.937;0;109.276
2017;3;Río Negro;422;5.641;83.9;306;10.116;2.965;1.659;0;832.281
2017;3;Salta;645;4.494;78.83;32.433;14.62;2.315;63;0;840.692
2017;3;San Juan;31;1.077;57.582;1;0;2;2;0;94.659
2017;3;San Luis;63;3;12.325;7;0;1;7;0;93.325
2017;3;Santa Cruz;188;23;29.102;542;66;33;1;0;882.102
2017;3;Santa Fe;3.116;34.019;320.017;104.453;125.339;24.536;12.982;0;624.462
2017;3;Santiago Del Estero;69;3.288;40.435;18.489;3.047;30;2;0;166.259
2017;3;Tierra Del Fuego;9;297;33.858;0;0;0;0;0;339.858
2017;3;Tucumán;109;8.948;83.07;45.302;20.514;1.361;655;0;923.195
2017;2;Buenos Aires;7.548;47.472;1910.156;299.009;573.298;93.059;46.178;0;2976.72
2017;2;Capital Federal;556;35.663;726.223;304.97;378.571;80.234;37.977;0;2119.638
2017;2;Catamarca;15;3.318;15.655;5.325;2.342;47;1;0;89.64
2017;2;Chaco;191;3.733;42.59;22.349;18.044;3.157;545;0;825.873
2017;2;Chubut;403;4.186;73.76;1.88;0;0;0;0;482.826
2017;2;Córdoba;251;26.862;370.865;88.479;146.683;20.351;5.069;0;909.309
2017;2;Corrientes;15;5.912;46.483;21.776;13.043;2.218;647;0;751.432
2017;2;Entre Ríos;1.68;7.944;104.422;41.8;23.524;2.604;823;0;1004.974
2017;2;Formosa;1.486;3.419;14.787;4.795;4.583;749;139;0;917.07
2017;2;Jujuy;311;5.877;26.915;6.974;2.538;42;1;0;396.304
2017;2;La Pampa;356;8.633;59.045;558;336;244;21;0;1582.678
2017;2;La Rioja;9;1.554;9.304;3.599;1.796;24;2;0;51.253
2017;2;Mendoza;109;24;177.203;92;50;5;22;0;479.203
2017;2;Misiones;1.011;4.447;47.244;22.033;21.599;2.892;570;0;669.226
2017;2;Neuquén;1.542;1.395;81.272;849;18.051;4.774;1.703;0;957.737
2017;2;Río Negro;973;5.606;88.085;245;7.99;1.921;559;0;1880.602
2017;2;Salta;594;4.719;67.576;23.185;11.333;1.068;76;0;777.881
2017;2;San Juan;15;193;58.588;0;0;0;4;0;270.588
2017;2;San Luis;8;4;14.014;0;0;1;2;0;29.014
2017;2;Santa Cruz;188;24;30.913;541;66;33;0;0;882.913
2017;2;Santa Fe;4.967;38.721;311.83;92.854;97.563;16.794;4.275;0;567.004
2017;2;Santiago Del Estero;26;3.539;20.384;6.432;2.802;16;0;0;75.157
2017;2;Tierra Del Fuego;16;285;35.409;0;0;0;0;0;336.409
2017;2;Tucumán;96;9.236;83.342;42.536;17.788;1.371;21;0;271.273
2017;1;Buenos Aires;6.017;83.918;2057.698;402.315;523.54;90.937;22.299;0;3186.724
2017;1;Capital Federal;510;1.409;678.922;218.487;277.195;66.536;19.881;0;1772.43
2017;1;Catamarca;15;3.328;15.861;4.901;2.161;49;0;0;90.251
2017;1;Chaco;191;3.835;44.544;21.467;15.671;3.025;314;0;593.542
2017;1;Chubut;401;4.182;73.759;1.808;0;0;0;0;480.749
2017;1;Córdoba;50;28.732;391.556;82.011;118.643;19.035;2.071;0;692.048
2017;1;Corrientes;15;6.04;48.149;20.586;11.468;2.044;303;0;406.287
2017;1;Entre Ríos;1.68;8.08;108.379;39.146;20.562;2.254;317;0;497.101
2017;1;Formosa;1.535;3.538;15.473;4.446;4.058;635;22;0;686.05
2017;1;Jujuy;330;6.213;27.824;6.486;2.306;44;0;0;416.829
2017;1;La Pampa;362;9.279;57.739;331;192;165;11;0;1128.018
2017;1;La Rioja;9;1.578;9.486;3.409;1.718;22;2;0;49.191
2017;1;Mendoza;106;15;177.201;86;50;5;22;0;461.201
2017;1;Misiones;1.01;4.665;45.95;23.847;19.356;2.627;166;0;263.455
2017;1;Neuquén;1.547;1.418;83.813;902;15.13;4.223;458;0;1466.131
2017;1;Río Negro;986;5.647;89.622;246;6.738;1.594;200;0;1535.601
2017;1;Salta;579;4.861;70.922;21.554;9.386;267;74;0;1026.723
2017;1;San Juan;8;192;58.588;0;0;0;4;0;262.588
2017;1;San Luis;8;4;14.014;0;0;1;2;0;29.014
2017;1;Santa Cruz;190;23;31.078;474;68;30;0;0;816.078
2017;1;Santa Fe;4.966;39.463;340.418;77.152;83.008;15.775;1.831;0;562.613
2017;1;Santiago Del Estero;26;3.772;21.659;6.218;2.786;17;0;0;77.435
2017;1;Tierra Del Fuego;16;285;35.409;0;0;0;0;0;336.409
2017;1;Tucumán;96;9.682;86.47;39.155;15.951;1.383;13;0;261.641
2016;4;Buenos Aires;6.055;86.281;2085.605;403.575;467.398;72.348;17.279;0;3138.541
2016;4;Capital Federal;517;1.477;704.324;225.723;264.582;53.506;16.756;0;1783.368
2016;4;Catamarca;15;3.478;16.519;4.889;2.077;54;0;0;95.963
2016;4;Chaco;191;3.983;45.634;21.323;14.887;2.586;250;0;529.413
2016;4;Chubut;401;4.493;73.951;1.352;0;0;0;0;480.796
2016;4;Córdoba;50;29.38;404.645;77.966;108.368;15.458;1.606;0;687.423
2016;4;Corrientes;15;6.109;48.995;20.187;10.908;1.645;234;0;336.844
2016;4;Entre Ríos;1.68;8.253;110.296;38.491;19.509;1.801;280;0;460.03
2016;4;Formosa;1.573;3.519;15.791;4.114;3.855;649;17;0;694.852
2016;4;Jujuy;303;6.225;27.778;6.143;2.134;43;0;0;388.28
2016;4;La Pampa;368;9.789;56.694;16;335;132;11;0;928.483
2016;4;La Rioja;9;1.646;9.635;3.334;1.675;13;3;0;41.29
2016;4;Mendoza;114;16;177.194;79;49;5;20;0;460.194
2016;4;Misiones;1.01;4.783;47.454;23.433;18.371;2.215;126;0;223.266
2016;4;Neuquén;1.539;1.406;84.859;792;14.153;3.073;271;0;1168.03
2016;4;Río Negro;998;2.953;92.967;248;6.317;1.174;122;0;1471.411
2016;4;Salta;577;5.027;71.636;20.787;8.611;239;70;0;992.061
2016;4;San Juan;8;220;58.608;0;0;0;4;0;290.608
2016;4;San Luis;8;4;14.014;0;0;1;2;0;29.014
2016;4;Santa Cruz;189;23;31.369;342;80;10;0;0;675.369
2016;4;Santa Fe;4.966;40.102;349.722;74.401;77.667;13.155;1.529;0;561.542
2016;4;Santiago Del Estero;26;3.925;22.246;6.178;2.664;15;0;0;76.013
2016;4;Tierra Del Fuego;16;285;35.409;0;0;0;0;0;336.409
2016;4;Tucumán;96;10.021;87.994;37.721;14.389;1.4;10;0;257.525
2016;3;Buenos Aires;5.856;107.945;2148.475;393.53;399.116;52.9;13.318;0;3121.14
2016;3;Capital Federal;331;995;759.028;208.249;240.856;38.341;13.886;0;2586.36
2016;3;Catamarca;15;4.038;16.183;4.845;1.853;50;0;0;91.919
2016;3;Chaco;190;5.227;46.821;21.193;13.746;2.022;217;0;496.009
2016;3;Chubut;466;5.19;74.375;674;0;0;0;0;1219.565
2016;3;Córdoba;48;41.329;415.075;75.988;99.225;11.691;1.322;0;692.63
2016;3;Corrientes;15;7.425;49.471;19.956;10.006;1.263;210;0;313.121
2016;3;Entre Ríos;1.768;10.657;110.844;38.665;17.737;1.307;248;0;428.978
2016;3;Formosa;1.723;4.277;15.581;3.964;3.658;648;10;0;687.203
2016;3;Jujuy;286;6.878;27.425;5.943;1.978;31;0;0;359.224
2016;3;La Pampa;374;10.187;55.792;15;224;114;11;0;803.979
2016;3;La Rioja;9;2.349;9.686;3.316;1.562;11;2;0;38.913
2016;3;Mendoza;37;10;178.186;73;48;5;17;0;368.186
2016;3;Misiones;1.01;6.03;48.871;23.394;17.043;1.559;91;0;188.907
2016;3;Neuquén;1.531;1.527;87.404;680;12.541;2.118;225;0;1010.121
2016;3;Río Negro;1.007;6.026;90.689;207;5.953;790;99;0;1199.675
2016;3;Salta;1.107;6.922;71.214;20.229;8.099;197;50;0;354.571
2016;3;San Juan;8;245;58.577;0;0;0;2;0;313.577
2016;3;San Luis;7;4;14.077;0;0;1;2;0;28.077
2016;3;Santa Cruz;189;22;31.904;221;52;9;0;0;524.904
2016;3;Santa Fe;3.958;49.501;360.606;72.657;69.864;10.21;1.308;0;568.104
2016;3;Santiago Del Estero;26;5.097;22.747;6.216;2.497;9;0;0;71.557
2016;3;Tierra Del Fuego;16;285;35.08;0;0;0;0;0;336.08
2016;3;Tucumán;127;12.247;87.97;36.518;13.15;1.288;4;0;282.173
2016;2;Buenos Aires;10.786;133.385;2250.898;335.296;334.723;31.494;11.933;0;3108.515
2016;2;Capital Federal;4.352;1.736;859.039;146.091;213.01;19.597;13.477;0;1257.302
2016;2;Catamarca;15;5.736;14.742;4.567;1.496;47;1;0;89.541
2016;2;Chaco;197;8.063;45.823;20.346;12.09;1.571;201;0;485.893
2016;2;Chubut;572;5.421;73.078;775;0;0;0;0;1425.499
2016;2;Córdoba;258;57.05;437.547;71.98;82.618;8.355;1.242;0;916.792
2016;2;Corrientes;41;10.018;47.916;19.2;8.851;803;191;0;1120.985
2016;2;Entre Ríos;4.734;16.368;115;36.917;15.522;849;205;0;1242.541
2016;2;Formosa;1.675;5.401;14.37;3.569;3.218;593;10;0;631.233
2016;2;Jujuy;2.561;8.292;25.301;5.589;1.75;3;0;0;46.493
2016;2;La Pampa;429;10.616;63.928;15;119;96;11;0;744.544
2016;2;La Rioja;10;3.151;9.043;3.19;1.344;3;5;0;34.728
2016;2;Mendoza;437;30;176.922;61;44;5;20;0;773.922
2016;2;Misiones;1.973;7.899;49.586;21.385;14.82;1.073;96;0;192.736
2016;2;Neuquén;1.916;1.691;88.854;583;10.241;1.285;208;0;894.987
2016;2;Río Negro;1.189;6.107;92.158;194;4.877;520;86;0;904.331
2016;2;Salta;2.16;10.123;70.875;18.759;7.129;140;49;0;298.046
2016;2;San Juan;10;273;57.589;0;0;0;4;0;344.589
2016;2;San Luis;12;4;13.931;0;0;1;2;0;32.931
2016;2;Santa Cruz;244;26;31.995;142;20;0;0;0;463.995
2016;2;Santa Fe;9.486;67.325;374.96;68.505;60.469;6.509;1.277;0;588.531
2016;2;Santiago Del Estero;704;6.705;22.208;5.943;2.108;1;0;0;741.964
2016;2;Tierra Del Fuego;16;286;38.773;0;0;0;0;0;340.773
2016;2;Tucumán;231;18.515;83.945;33.891;11.31;1.032;2;0;381.693
2016;1;Buenos Aires;7.351;97.88;2214.76;289.929;247.372;8.315;9.529;0;2875.136
2016;1;Capital Federal;2.31;43.686;869.048;178.665;192.644;6.577;10.838;0;1303.768
2016;1;Catamarca;15;6.102;14.653;4.241;1.334;42;1;0;84.33
2016;1;Chaco;194;8.755;46.304;19.388;10.587;1.238;184;0;464.272
2016;1;Chubut;94;5.095;72.396;1.066;0;0;0;0;172.557
2016;1;Córdoba;148;59.484;414.452;65.763;66.455;4.143;1.039;0;759.336
2016;1;Corrientes;29;10.69;47.833;18.375;7.911;526;170;0;809.809
2016;1;Entre Ríos;2.864;17.749;104.137;35.104;14.057;457;165;0;795.911
2016;1;Formosa;1.738;5.731;14.163;3.229;2.906;544;5;0;576.767
2016;1;Jujuy;2.543;8.558;22.383;5.188;1.623;0;0;0;40.295
2016;1;La Pampa;426;11.065;52.117;15;78;71;11;0;664.182
2016;1;La Rioja;10;3.382;9.06;2.98;1.254;2;3;0;31.676
2016;1;Mendoza;235;21;175.376;47;43;5;17;0;543.376
2016;1;Misiones;959;8.502;50.061;19.195;13.363;779;68;0;1897.121
2016;1;Neuquén;1.72;1.737;86.31;479;7.893;143;171;0;890.66
2016;1;Río Negro;1.171;6.105;90.038;203;4.246;77;81;0;462.56
2016;1;Salta;1.119;10.765;65.646;17.748;6.643;119;31;0;251.921
2016;1;San Juan;9;309;56.447;0;0;0;2;0;376.447
2016;1;San Luis;8;4;13.645;0;0;1;2;0;28.645
2016;1;Santa Cruz;168;29;32.188;8;0;0;0;0;237.188
2016;1;Santa Fe;6.492;71.565;353.525;64.117;51.293;3.754;1.063;0;551.809
2016;1;Santiago Del Estero;703;7.219;22.805;5.769;1.898;0;0;0;740.691
2016;1;Tierra Del Fuego;16;285;33.003;0;0;0;0;0;334.003
2016;1;Tucumán;106;20.092;84.008;31.49;10.046;871;0;0;1122.636
2015;4;Buenos Aires;7.985;100.303;2253.197;274.56;240.188;3.835;8.18;0;2888.248
2015;4;Capital Federal;2.417;46.568;916.813;172.029;198.635;3.087;10.899;0;1350.448
2015;4;Catamarca;15;6.513;14.484;4.106;1.313;39;1;0;81.416
2015;4;Chaco;194;9.593;46.771;18.608;10.092;1.136;159;0;439.2
2015;4;Chubut;625;5.774;71.881;168;0;0;0;0;870.655
2015;4;Córdoba;148;63.746;427.471;62.989;67.151;3.336;1.088;0;773.781
2015;4;Corrientes;29;11.248;48.104;17.877;7.569;456;150;0;719.798
2015;4;Entre Ríos;2.865;18.883;104.224;33.989;13.668;399;163;0;735.629
2015;4;Formosa;1.791;6.081;14.279;2.704;2.713;519;4;0;550.568
2015;4;Jujuy;2.551;8.876;21.867;5.044;1.587;0;0;0;39.925
2015;4;La Pampa;592;12.951;48.798;16;63;49;10;0;791.749
2015;4;La Rioja;10;3.638;9.127;2.937;1.215;2;3;0;31.917
2015;4;Mendoza;241;23;174.719;38;41;5;13;0;535.719
2015;4;Misiones;959;9.169;51.029;17.281;13.69;675;52;0;1777.169
2015;4;Neuquén;1.727;2.061;89.678;455;7.934;9;175;0;740.4
2015;4;Río Negro;3.282;4.473;89.062;201;4.024;5;75;0;381.841
2015;4;Salta;1.122;11.387;65.677;17.139;6.507;99;5;0;205.832
2015;4;San Juan;9;386;55.761;0;0;0;2;0;452.761
2015;4;San Luis;8;4;13.473;0;0;1;2;0;28.473
2015;4;Santa Cruz;188;26;32.338;3;0;0;0;0;249.338
2015;4;Santa Fe;6.659;75.77;361.264;60.985;51.258;3.079;1.189;0;560.204
2015;4;Santiago Del Estero;703;7.836;23.074;5.669;1.856;0;0;0;741.435
2015;4;Tierra Del Fuego;16;285;32.662;0;0;0;0;0;333.662
2015;4;Tucumán;107;21.8;83.887;29.942;9.507;837;0;0;1089.136
2015;3;Buenos Aires;8.361;107.351;2266.948;262.564;200.491;2.642;7.72;0;2856.077
2015;3;Capital Federal;2.448;49.34;942.525;159.618;175.594;2.028;10.022;0;1341.575
2015;3;Catamarca;15;6.871;14.206;4.143;812;43;1;0;896.22
2015;3;Chaco;240;10.353;47.131;19.016;7.498;979;157;0;1459.998
2015;3;Chubut;641;5.886;71.668;167;0;0;0;0;885.554
2015;3;Córdoba;150;68.765;429.787;61.109;59.372;2.582;1.048;0;772.663
2015;3;Corrientes;33;11.921;48.127;18.168;6.111;453;146;0;716.327
2015;3;Entre Ríos;2.863;20.385;103.99;34.788;9.924;384;153;0;708.95
2015;3;Formosa;1.862;6.521;14.354;2.791;1.842;379;2;0;408.37
2015;3;Jujuy;2.549;9.278;21.588;5.169;966;0;0;0;1004.584
2015;3;La Pampa;613;13.087;47.66;9;55;39;10;0;786.747
2015;3;La Rioja;10;3.84;9.102;2.984;832;0;3;0;860.926
2015;3;Mendoza;256;25;173.43;45;18;5;13;0;535.43
2015;3;Misiones;958;9.809;51.234;17.367;11.654;559;43;0;1650.064
2015;3;Neuquén;1.733;2.124;85.044;210;6.599;2;155;0;462.5
2015;3;Río Negro;3.372;4.457;88.691;99;3.826;1;62;0;262.346
2015;3;Salta;1.126;12.223;65.405;17.451;4.318;61;5;0;166.523
2015;3;San Juan;9;391;54.963;0;0;0;2;0;456.963
2015;3;San Luis;9;4;13.286;0;0;1;2;0;29.286
2015;3;Santa Cruz;190;25;32.266;2;0;0;0;0;249.266
2015;3;Santa Fe;6.767;80.817;363.177;59.531;42.021;2.32;1.133;0;555.766
2015;3;Santiago Del Estero;703;8.332;23.158;5.956;1.249;0;0;0;741.695
2015;3;Tierra Del Fuego;15;285;36.408;2;0;0;0;0;338.408
2015;3;Tucumán;107;23.687;83.654;29.998;6.232;623;0;0;873.571
2015;2;Buenos Aires;8.714;137.189;2299.705;243.503;159.922;2.01;6.712;0;2857.755
2015;2;Capital Federal;2.493;51.799;990.112;148.569;142.976;1.482;9.258;0;1346.689
2015;2;Catamarca;15;7.253;14.003;3.776;593;37;1;0;671.032
2015;2;Chaco;288;11.058;47.551;17.675;6.337;788;149;0;1307.621
2015;2;Chubut;656;6.032;55.791;168;0;0;0;0;885.823
2015;2;Córdoba;156;72.695;434.717;54.993;46.415;1.956;903;0;1669.776
2015;2;Corrientes;34;12.542;48.015;17.184;5.039;379;126;0;621.78
2015;2;Entre Ríos;2.864;21.986;104.043;32.293;7.867;354;136;0;659.053
2015;2;Formosa;1.881;6.907;14.247;2.436;1.324;257;1;0;284.795
2015;2;Jujuy;2.479;9.474;20.248;4.792;730;0;0;0;766.993
2015;2;La Pampa;5.737;8.182;46.235;27;24;25;10;0;146.154
2015;2;La Rioja;10;4.082;9.093;2.68;641;0;3;0;669.855
2015;2;Mendoza;268;26;170.451;42;16;5;13;0;540.451
2015;2;Misiones;958;10.36;51.671;15.022;10.072;408;33;0;1486.125
2015;2;Neuquén;1.755;2.348;82.727;214;5.168;2;110;0;417.998
2015;2;Río Negro;3.413;4.525;87.362;97;3.24;1;51;0;247.54
2015;2;Salta;1.123;13.02;64.737;16.241;3.114;29;5;0;132.235
2015;2;San Juan;8;410;51.568;0;0;0;2;0;471.568
2015;2;San Luis;9;4;13.204;0;0;1;2;0;29.204
2015;2;Santa Cruz;210;25;25.519;2;0;0;0;0;262.519
2015;2;Santa Fe;6.827;86.016;364.441;53.205;33.894;1.856;1.014;0;547.253
2015;2;Santiago Del Estero;703;8.779;23.456;5.553;888;0;0;0;1628.788
2015;2;Tierra Del Fuego;15;285;36.073;2;0;0;0;0;338.073
2015;2;Tucumán;107;25.178;83.462;26.966;4.502;455;0;0;702.108
2015;1;Buenos Aires;8.882;123.589;2267.852;220.07;126.958;1.561;5.7;0;2754.612
2015;1;Capital Federal;2.545;59.084;1013.51;134.151;114.569;1.195;8.401;0;1333.455
2015;1;Catamarca;13;7.634;13.754;3.202;517;9;1;0;564.59
2015;1;Chaco;26;12.053;47.425;15.883;5.346;489;135;0;730.707
2015;1;Chubut;651;6.176;57.333;102;0;0;0;0;816.509
2015;1;Córdoba;157;78.427;432.802;46.574;37.443;1.615;815;0;1568.861
2015;1;Corrientes;36;13.295;47.842;15.554;4.424;235;98;0;450.115
2015;1;Entre Ríos;2.867;23.951;104.168;28.113;6.926;274;119;0;559.025
2015;1;Formosa;1.891;7.336;14.413;2.024;878;157;1;0;1061.664
2015;1;Jujuy;2.458;9.754;19.858;3.939;603;0;0;0;639.009
2015;1;La Pampa;6.059;8.054;45.038;26;10;13;10;0;118.151
2015;1;La Rioja;11;4.201;9.379;2.207;533;0;3;0;562.787
2015;1;Mendoza;287;24;169.763;38;16;6;11;0;551.763
2015;1;Misiones;958;11.136;51.906;12.387;8.543;194;26;0;1261.972
2015;1;Neuquén;1.895;2.577;80.787;170;4.067;2;76;0;337.326
2015;1;Río Negro;3.371;4.913;86.173;94;2.632;2;42;0;235.089
2015;1;Salta;1.123;14.151;64.992;13.955;2.569;15;5;0;116.79
2015;1;San Juan;8;445;51.346;0;0;0;2;0;506.346
2015;1;San Luis;10;8;12.72;0;1;0;2;0;33.72
2015;1;Santa Cruz;205;27;26.048;2;0;0;0;0;260.048
2015;1;Santa Fe;6.883;93.096;360.964;45.27;27.597;1.542;900;0;1435.352
2015;1;Santiago Del Estero;701;9.236;23.136;4.796;748;0;0;0;1486.168
2015;1;Tierra Del Fuego;14;609;36.319;2;0;0;0;0;661.319
2015;1;Tucumán;107;27.143;83.895;23.061;3.722;334;0;0;578.821
2014;4;Buenos Aires;8.226;132.937;2250.445;203.62;104.322;997;5.406;0;3701.956
2014;4;Capital Federal;2.698;62.896;1038.269;123.451;95.772;890;7.997;0;2221.083
2014;4;Catamarca;21;8.047;14.093;2.91;421;0;1;0;468.05
2014;4;Chaco;483;12.837;42.106;7.908;2.6;124;2;0;674.451
2014;4;Chubut;1.858;6.218;60.392;70;0;0;0;0;138.468
2014;4;Córdoba;1.903;85.362;427.844;41.947;30.858;1.177;782;0;1371.091
2014;4;Corrientes;40;13.86;42.182;7.513;2.106;0;9;0;114.661
2014;4;Entre Ríos;2.311;27.801;88.649;18.318;3.584;1;66;0;207.663
2014;4;Formosa;1.947;7.83;14.058;1.852;473;47;1;0;546.687
2014;4;Jujuy;1.88;10.427;19.74;3.443;465;0;0;0;500.49
2014;4;La Pampa;6.266;6.879;36.52;26;5;4;10;0;94.665
2014;4;La Rioja;9;4.333;9.728;1.943;386;0;3;0;414.004
2014;4;Mendoza;303;19;169.222;36;14;5;12;0;558.222
2014;4;Misiones;547;11.84;53.093;8.731;2.952;54;12;0;689.616
2014;4;Neuquén;1.731;2.744;80.938;126;3.621;2;66;0;283.034
2014;4;Río Negro;3.64;4.723;85.094;94;2.319;4;30;0;223.776
2014;4;Salta;54;16.214;63.221;12.552;1.922;0;4;0;151.909
2014;4;San Juan;11;478;51.628;0;0;0;2;0;542.628
2014;4;San Luis;9;0;13.135;0;0;1;2;0;25.135
2014;4;Santa Cruz;156;1.4;24.145;1;1;0;0;0;183.545
2014;4;Santa Fe;8.707;99.962;359.293;36.718;21.098;869;824;0;2218.778
2014;4;Santiago Del Estero;1.246;8.913;24.181;4.359;602;0;0;0;640.699
2014;4;Tierra Del Fuego;12;283;31.489;2;0;0;0;0;328.489
2014;4;Tucumán;17;28.746;85.091;20.631;2.733;196;0;0;350.201
2014;3;Buenos Aires;7.355;128.187;2281.524;156.693;68.947;243;4.232;0;2889.938
2014;3;Capital Federal;840;78.016;1060.145;102.17;70.907;95;6.626;0;2252.864
2014;3;Catamarca;19;8.845;13.79;1.915;111;0;0;0;154.55
2014;3;Chaco;398;14.731;41.934;5.428;1.274;5;0;0;466.367
2014;3;Chubut;2.013;6.281;60.771;34;0;0;0;0;103.065
2014;3;Córdoba;660;98.992;435.692;28.992;18.888;84;664;0;1990.564
2014;3;Corrientes;21;15.448;41.717;5.181;1.172;0;0;0;84.518
2014;3;Entre Ríos;1.709;29.71;91.45;12.569;1.31;0;48;0;184.748
2014;3;Formosa;2.001;8.323;14.202;1.324;85;0;0;0;110.85
2014;3;Jujuy;127;10.979;20.216;2.305;82;0;0;0;242.5
2014;3;La Pampa;6.458;6.645;41.009;24;5;4;10;0;97.112
2014;3;La Rioja;10;4.785;9.72;1.337;61;0;0;0;86.842
2014;3;Mendoza;35;0;167.763;31;12;13;1;0;259.763
2014;3;Misiones;640;13.637;53.51;5.928;1.606;0;1;0;715.681
2014;3;Neuquén;1.522;3.099;80.09;107;2.865;10;27;0;231.576
2014;3;Río Negro;3.64;5.189;86.868;87;1.944;8;9;0;201.641
2014;3;Salta;732;17.481;66.026;8.314;388;0;0;0;1211.821
2014;3;San Juan;8;487;51.276;0;0;0;0;0;546.276
2014;3;San Luis;8;0;13.029;0;0;3;0;0;24.029
2014;3;Santa Cruz;195;1.624;24.248;1;1;0;0;0;222.872
2014;3;Santa Fe;8.23;112.593;357.615;23.962;12.124;38;806;0;1358.524
2014;3;Santiago Del Estero;791;9.914;23.826;2.867;142;0;0;0;969.607
2014;3;Tierra Del Fuego;12;336;32.348;2;0;0;0;0;382.348
2014;3;Tucumán;6;32.716;84.668;14.101;559;4;0;0;700.485
2014;2;Buenos Aires;6.902;162.274;2288.772;140.226;56.549;284;4.309;0;2943.032
2014;2;Capital Federal;847;81.431;1078.213;87.359;56.004;59;6.427;0;2215.434
2014;2;Catamarca;19;8.844;13.794;1.915;111;0;0;0;154.553
2014;2;Chaco;412;14.854;41.53;5.418;1.085;5;0;0;479.887
2014;2;Chubut;2.064;6.582;61.868;0;0;0;0;0;70.514
2014;2;Córdoba;2.105;101.598;429.536;28.698;14.824;76;627;0;1279.761
2014;2;Corrientes;20;15.563;41.219;5.199;956;0;0;0;1037.981
2014;2;Entre Ríos;2.187;32.781;86.757;12.564;1.162;0;44;0;179.451
2014;2;Formosa;2.032;8.218;13.944;1.321;85;0;0;0;110.515
2014;2;Jujuy;1.873;11.233;18.851;2.305;82;0;0;0;116.262
2014;2;La Pampa;7.032;6.761;34.089;18;5;4;10;0;84.882
2014;2;La Rioja;10;4.785;9.719;1.337;61;0;0;0;86.841
2014;2;Mendoza;35;6;166.71;31;10;5;10;0;263.71
2014;2;Misiones;540;13.644;53.245;5.924;1.334;2;0;0;616.147
2014;2;Neuquén;1.531;3.206;79.087;92;2.289;2;30;0;210.113
2014;2;Río Negro;3.468;5.507;84.978;78;1.569;2;8;0;183.522
2014;2;Salta;53;18.818;64.44;8.293;388;0;0;0;532.551
2014;2;San Juan;10;507;51.129;0;0;0;0;0;568.129
2014;2;San Luis;7;0;13.045;0;0;1;2;0;23.045
2014;2;Santa Cruz;153;1.637;25.374;2;0;0;0;0;182.011
2014;2;Santa Fe;8.515;115.197;353.559;23.939;10.058;34;792;0;1337.268
2014;2;Santiago Del Estero;1.231;9.914;23.842;2.867;142;0;0;0;179.854
2014;2;Tierra Del Fuego;12;334;31.198;2;0;0;0;0;379.198
2014;2;Tucumán;6;32.714;84.675;14.101;559;4;0;0;700.49
2014;1;Buenos Aires;8.469;171.244;2279.875;121.787;38.923;206;4.037;0;2830.335
2014;1;Capital Federal;852;88.826;1096.05;70.293;38.798;55;6.208;0;2207.175
2014;1;Catamarca;19;9.147;13.33;1.672;64;0;0;0;107.149
2014;1;Chaco;438;15.849;40.869;4.644;741;5;0;0;1245.362
2014;1;Chubut;7.452;10;61.329;0;0;0;0;0;78.781
2014;1;Córdoba;2.076;107.705;423.114;24.112;9.818;40;588;0;1194.825
2014;1;Corrientes;20;16.357;40.742;4.486;630;0;0;0;711.585
2014;1;Entre Ríos;2.177;35.206;85.248;10.828;746;0;43;0;922.459
2014;1;Formosa;2.062;8.475;13.685;1.133;67;0;0;0;92.355
2014;1;Jujuy;1.832;11.498;18.415;2.002;56;0;0;0;89.747
2014;1;La Pampa;7.434;6.535;32.501;17;5;4;10;0;82.47
2014;1;La Rioja;10;5.111;9.39;1.165;35;0;0;0;60.666
2014;1;Mendoza;35;6;166.655;19;10;6;9;0;251.655
2014;1;Misiones;545;14.46;52.852;5.139;958;0;0;0;1575.451
2014;1;Neuquén;4.133;987;77.148;84;1.582;2;22;0;1177.863
2014;1;Río Negro;4.67;4.618;84.304;73;1.062;1;8;0;176.654
2014;1;Salta;53;19.677;64.061;7.192;314;0;0;0;457.93
2014;1;San Juan;531;2;51.056;0;0;0;0;0;584.056
2014;1;San Luis;7;3;12.544;0;1;0;2;0;25.544
2014;1;Santa Cruz;161;1.625;24.972;1;1;0;0;0;189.597
2014;1;Santa Fe;8.456;124.468;345.225;20.328;6.845;23;668;0;1196.322
2014;1;Santiago Del Estero;1.234;10.531;22.817;2.422;109;0;0;0;146.004
2014;1;Tierra Del Fuego;12;607;30.902;6;0;0;0;0;655.902
2014;1;Tucumán;6;34.672;83.21;11.779;362;3;0;0;500.661
