Anio,Trimestre,Provincia,ADSL,Cablemodem,fibra_optica,Wireless,otras_tecnologias,accesos_hogares,banda_ancha,dial_up,velocidad_512kpbs,velocidad_1Mbps,velocidad_6Mbps,velocidad_10Mbps,velocidad_20Mbps,velocidad_30Mbps,velocidad_mas30Mbps,velocidad_otros,velocidad_bajada
2022,4,Buenos Aires,326,3,1,130,72,7894,5,6.0,28.934,23.347,259.866,281.55,244.555,98.67,3760.109,97.634,111.0
2022,4,Capital Federal,139,1,139,5,32,12273,2,2.0,516.0,5.096,31.32,64.653,36.336,8.116,1299.117,106.772,18.286
2022,4,Catamarca,9,11,47,1,2,6577,71,1.0,71.0,315.0,2.716,5.028,4.638,3.122,52.739,2.28,8.333
2022,4,Chaco,25,61,47,8,3,4362,144,5.0,461.0,771.0,16.067,17.846,6.704,3.039,94.866,3.909,10.402
2022,4,Chubut,45,74,10,31,9,8557,168,904.0,109.0,1.614,46.457,31.007,34.728,15.77,19.048,20.026,1.592
2022,4,Córdoba,152,457,367,62,11,8903,1,68.0,99.0,9.929,143.686,108.195,63.12,20.691,686.33,17.61,10.877
2022,4,Corrientes,34,80,27,9,5,5164,155,4.0,67.0,3.282,22.647,24.858,7.025,3.77,85.806,7.998,9.472
2022,4,Entre Ríos,56,136,41,26,13,6401,271,22.0,107.0,4.722,45.629,46.7,20.927,22.483,130.406,0.0,8.747
2022,4,Formosa,14,17,13,18,227,3941,62,0.0,84.0,245.0,22.458,12.391,6.724,310.0,18.93,698.0,7.203
2022,4,Jujuy,18,52,43,4,1,5846,118,0.0,58.0,1.763,18.652,14.07,36.43,335.0,46.91,0.0,3.932
2022,4,La Pampa,8,61,25,20,1,9480,114,171.0,68.0,1.687,52.618,10.334,9.167,4.479,19.783,16.028,191.0
2022,4,La Rioja,6,54,19,6,32,7986,86,4.0,18.0,595.0,2.531,3.01,24.435,5.029,50.644,0.0,61.0
2022,4,Mendoza,38,78,147,28,2,5136,291,777.0,103.0,2.954,35.541,20.355,35.935,14.909,161.163,21.144,3.876
2022,4,Misiones,33,87,47,11,8,5285,186,0.0,51.0,3.51,35.622,21.373,12.196,3.182,101.745,8.59,9.124
2022,4,Neuquén,29,73,32,24,4,7867,160,468.0,168.0,994.0,38.814,13.96,13.008,5.739,85.247,2.25,9.537
2022,4,Río Negro,34,48,44,16,19,6842,162,548.0,111.0,1.081,32.053,13.931,20.442,7.335,57.495,29.644,7.531
2022,4,Salta,37,97,53,12,7,5796,206,5.0,114.0,1.197,31.53,71.105,5.036,117.0,90.014,6.747,7.593
2022,4,San Juan,39,23,12,22,8,5088,104,281.0,24.0,2.027,30.069,11.247,20.44,8.188,19.991,11.84,1.639
2022,4,San Luis,6,43,3,82,511,9027,135,192.0,60.0,624.0,11.785,24.684,13.981,78.506,2.227,3.353,3.067
2022,4,Santa Cruz,10,24,12,4,662,4353,50,198.0,51.0,6.81,11.616,11.509,10.374,3.236,5.559,1.048,1.433
2022,4,Santa Fe,164,412,249,44,19,7840,888,110.0,468.0,9.374,115.767,194.42,73.345,22.899,453.078,18.34,903.0
2022,4,Santiago Del Estero,14,81,15,7,3,4805,119,2.0,178.0,1.267,26.183,58.136,17.735,661.0,14.345,989.0,344.0
2022,4,Tierra Del Fuego,13,41,405,157,651,10144,55,312.0,22.0,902.0,11.649,13.634,21.365,3.612,1.812,2.264,1.348
2022,4,Tucumán,69,21,169,4,527,6104,263,30.0,39.0,1.562,29.996,35.425,26.369,1.375,153.538,15.118,8.833
2022,3,Buenos Aires,340,3,1,127,70,7811,5,6.0,29.985,27.709,290.315,297.915,267.044,124.19,3618.689,65.821,7.019
2022,3,Capital Federal,141,1,129,6,32,12228,2,2.0,517.0,5.742,34.371,67.829,51.946,28.692,1253.105,105.477,10.105
2022,3,Catamarca,10,10,46,1,2,6533,70,1.0,71.0,384.0,3.107,5.389,5.099,3.737,50.298,2.208,6.099
2022,3,Chaco,27,62,45,8,2,4386,144,5.0,461.0,987.0,16.782,18.938,8.049,15.828,79.39,3.711,5.321
2022,3,Chubut,45,72,10,30,9,8438,165,904.0,109.0,1.444,45.707,30.94,34.682,15.309,17.563,20.024,1.557
2022,3,Córdoba,164,465,339,61,10,8831,1,68.0,99.0,11.312,153.324,111.615,70.989,27.112,650.344,13.873,5.632
2022,3,Corrientes,37,77,19,7,5,4821,145,4.0,67.0,3.865,23.427,23.948,7.776,21.706,56.95,7.107,4.507
2022,3,Entre Ríos,60,133,37,26,13,6367,269,22.0,107.0,5.549,47.21,46.855,18.263,32.021,102.195,16.759,4.249
2022,3,Formosa,14,26,11,17,212,4376,69,1.0,97.0,307.0,23.538,19.545,6.194,564.0,17.704,589.0,3.035
2022,3,Jujuy,19,53,40,4,2,5891,119,0.0,58.0,1.879,19.135,15.254,36.083,519.0,45.895,0.0,3.243
2022,3,La Pampa,8,60,24,20,4,9659,116,171.0,68.0,1.887,61.54,9.653,11.592,5.609,22.731,3.012,1.81
2022,3,La Rioja,7,54,20,6,31,8066,87,4.0,18.0,689.0,2.842,3.375,24.219,5.331,50.39,0.0,4.43
2022,3,Mendoza,38,79,143,28,3,5103,289,777.0,103.0,2.953,44.232,21.977,48.201,17.243,150.043,4.771,3.416
2022,3,Misiones,36,89,39,11,8,5182,182,0.0,51.0,3.749,36.628,20.758,12.676,19.615,80.33,8.35,4.93
2022,3,Neuquén,29,76,29,27,1,8037,163,468.0,134.0,991.0,38.485,14.08,9.2,6.7,78.713,14.858,4.781
2022,3,Río Negro,36,48,41,17,19,6798,160,548.0,111.0,1.221,32.936,17.86,27.934,13.629,42.596,24.271,3.413
2022,3,Salta,40,97,50,10,7,5776,205,5.0,114.0,1.49,32.923,71.199,5.662,1.001,85.661,6.491,4.133
2022,3,San Juan,39,23,12,22,8,5080,103,281.0,24.0,2.027,30.324,11.247,22.157,6.78,19.221,11.619,1.584
2022,3,San Luis,7,29,248,71,15,8174,122,182.0,60.0,307.0,6.563,20.813,12.061,67.438,13.0,14.815,1.933
2022,3,Santa Cruz,10,24,11,4,582,4319,49,198.0,52.0,6.841,12.342,11.313,11.378,2.333,4.604,647.0,1.26
2022,3,Santa Fe,184,426,215,43,20,7855,888,110.0,468.0,11.132,132.709,198.588,70.897,57.455,396.352,20.209,4.515
2022,3,Santiago Del Estero,15,81,13,7,3,4798,119,2.0,178.0,1.384,28.357,58.982,16.087,910.0,12.342,792.0,1.769
2022,3,Tierra Del Fuego,13,40,403,125,651,9951,54,312.0,22.0,831.0,12.002,14.815,20.102,1.752,1.021,3.351,1.101
2022,3,Tucumán,78,19,162,4,519,6114,263,30.0,39.0,2.047,32.571,39.018,25.214,4.348,159.6,280.0,5.336
2022,2,Buenos Aires,351,3,1,127,71,7758,5,6.0,30.639,28.323,295.238,307.554,273.954,129.869,3535.757,65.849,655.0
2022,2,Capital Federal,145,1,122,6,32,12131,2,2.0,517.0,5.98,36.036,72.434,55.372,31.571,1229.254,105.607,9.397
2022,2,Catamarca,12,9,42,1,2,6240,67,1.0,71.0,413.0,3.678,6.155,7.165,3.393,43.926,2.207,5.656
2022,2,Chaco,30,61,42,8,2,4379,144,5.0,461.0,1.047,17.603,20.109,8.391,15.974,76.271,3.708,5.061
2022,2,Chubut,45,69,10,30,9,8319,162,904.0,109.0,1.444,45.804,31.217,34.29,14.526,15.394,20.021,1.491
2022,2,Córdoba,179,468,309,61,10,8748,1,68.0,99.0,11.971,160.486,120.485,71.923,28.645,619.4,13.426,5.351
2022,2,Corrientes,38,76,18,7,5,4835,145,4.0,67.0,3.937,24.253,24.842,8.001,21.719,55.071,7.107,4.331
2022,2,Entre Ríos,64,131,36,26,13,6390,269,22.0,107.0,5.656,48.637,48.557,18.512,32.355,98.769,16.759,4.003
2022,2,Formosa,15,25,10,17,212,4342,68,0.0,97.0,407.0,23.834,19.706,6.33,591.0,16.326,590.0,2.847
2022,2,Jujuy,20,54,34,4,2,5732,115,0.0,58.0,1.829,19.458,15.79,37.786,549.0,37.391,2.453,2.939
2022,2,La Pampa,8,59,23,20,1,9298,111,171.0,68.0,1.887,62.546,9.842,11.8,5.247,17.125,3.012,1.607
2022,2,La Rioja,8,53,19,6,31,8014,86,4.0,18.0,728.0,3.179,3.89,23.814,5.481,48.92,0.0,4.328
2022,2,Mendoza,38,78,136,27,2,4939,279,777.0,103.0,2.954,44.961,22.557,64.138,19.543,121.366,3.94,2.972
2022,2,Misiones,37,89,34,11,8,5100,179,0.0,51.0,3.808,37.254,21.712,12.774,19.757,75.107,8.35,4.623
2022,2,Neuquén,30,75,29,27,1,8002,162,468.0,134.0,999.0,38.826,15.066,9.205,2.039,76.982,18.717,4.653
2022,2,Río Negro,36,47,41,17,19,6785,159,548.0,111.0,1.227,33.364,17.938,27.168,13.714,41.972,24.27,3.326
2022,2,Salta,43,96,47,10,7,5754,203,5.0,114.0,1.53,33.732,72.661,6.012,1.156,81.478,6.494,3.877
2022,2,San Juan,39,20,12,22,8,4946,100,281.0,24.0,2.027,30.385,11.276,24.649,3.728,16.701,11.617,1.444
2022,2,San Luis,7,29,248,71,15,8176,122,182.0,60.0,306.0,6.84,21.217,11.052,67.438,13.0,14.815,1.932
2022,2,Santa Cruz,10,24,11,4,579,4315,49,198.0,52.0,6.841,12.348,11.369,11.885,2.454,3.592,644.0,1.181
2022,2,Santa Fe,198,428,190,43,20,7790,879,110.0,468.0,11.757,138.534,204.381,74.133,58.114,373.888,17.584,4.201
2022,2,Santiago Del Estero,17,80,12,7,3,4770,118,2.0,178.0,1.401,29.581,59.931,14.606,883.0,10.672,792.0,1.634
2022,2,Tierra Del Fuego,13,40,403,125,651,9986,53,312.0,22.0,831.0,12.052,14.828,19.968,1.712,1.006,3.351,1.097
2022,2,Tucumán,86,15,149,4,487,5931,254,30.0,39.0,2.195,34.461,43.513,23.634,4.863,145.541,281.0,5.009
2022,1,Buenos Aires,392,3,1,126,67,7608,5,6.0,31.591,30.056,313.382,321.756,290.127,161.183,3381.049,26.28,6.251
2022,1,Capital Federal,102,1,62,6,30,11180,1,2.0,527.0,5.575,39.918,77.39,61.053,43.289,1188.072,1.717,8.822
2022,1,Catamarca,14,16,29,1,2,5821,62,1.0,71.0,456.0,4.386,7.009,8.773,3.761,35.715,2.207,5.122
2022,1,Chaco,32,65,37,8,2,4406,144,5.0,461.0,1.099,16.888,21.235,20.898,13.012,62.946,7.58,4.584
2022,1,Chubut,44,67,9,31,21,8805,171,927.0,113.0,1.677,61.369,31.856,33.08,13.871,14.055,15.607,1.34
2022,1,Córdoba,196,502,236,61,10,8576,1,74.0,100.0,12.782,165.922,126.009,73.967,34.892,577.027,13.104,4.989
2022,1,Corrientes,40,79,11,7,5,4764,143,4.0,67.0,4.029,24.563,25.665,27.077,10.452,43.631,7.094,3.811
2022,1,Entre Ríos,67,139,23,26,13,6370,268,22.0,107.0,5.745,50.075,49.62,42.294,21.578,81.757,16.75,3.559
2022,1,Formosa,16,16,5,17,202,3496,55,0.0,97.0,448.0,24.113,6.945,6.613,716.0,15.028,588.0,3.028
2022,1,Jujuy,21,61,26,5,4,5806,117,0.0,58.0,1.761,22.141,16.321,37.923,576.0,35.287,2.442,2.769
2022,1,La Pampa,8,59,22,20,1,9166,110,172.0,301.0,2.223,62.812,9.869,12.044,5.25,14.4,2.833,1.484
2022,1,La Rioja,9,59,10,6,31,7877,84,4.0,18.0,778.0,3.576,4.692,23.624,5.645,45.97,0.0,4.137
2022,1,Mendoza,49,74,123,27,1,4874,274,786.0,114.0,3.355,51.23,26.407,74.178,21.566,95.048,3.287,2.62
2022,1,Misiones,39,92,25,8,8,4904,172,0.0,51.0,3.873,35.655,22.261,26.855,15.854,58.61,8.349,4.187
2022,1,Neuquén,28,73,24,23,745,7417,149,471.0,137.0,1.123,39.856,15.623,11.163,2.654,71.238,7.885,4.305
2022,1,Río Negro,39,45,38,17,18,6704,157,553.0,116.0,1.383,35.565,18.859,26.926,14.144,37.729,22.652,3.109
2022,1,Salta,45,99,41,6,7,5611,198,5.0,114.0,1.725,35.576,68.246,6.313,2.214,76.838,6.489,3.671
2022,1,San Juan,34,14,11,21,8,4355,88,290.0,26.0,2.269,32.356,11.914,25.144,2.088,11.916,2.465,1.199
2022,1,San Luis,8,11,31,72,29,8072,120,185.0,61.0,643.0,8.287,3.837,9.802,68.612,13.0,28.589,2.095
2022,1,Santa Cruz,11,23,11,4,405,4334,49,204.0,51.0,6.898,12.71,11.502,12.277,2.628,2.551,485.0,1.089
2022,1,Santa Fe,213,445,147,45,21,7730,870,115.0,468.0,12.435,143.796,208.361,84.787,58.018,344.17,18.444,3.889
2022,1,Santiago Del Estero,18,88,1,6,3,4717,116,2.0,178.0,1.401,30.22,61.17,13.542,849.0,8.309,792.0,1.45
2022,1,Tierra Del Fuego,13,39,416,124,340,9829,52,313.0,24.0,894.0,12.849,15.64,18.034,1.767,982.0,2.421,1.073
2022,1,Tucumán,93,62,86,4,487,5739,246,30.0,39.0,2.212,36.028,46.961,21.014,5.211,133.846,273.0,4.724
2021,4,Buenos Aires,426,3,1,127,73,7566,5,6.0,37.821,11.026,352.95,331.292,297.296,196.021,3259.793,22.958,6.021
2021,4,Capital Federal,111,1,60,6,30,11127,1,2.0,563.0,1.695,47.133,81.899,66.135,66.755,1147.939,0.0,8.295
2021,4,Catamarca,16,14,25,2,2,5525,59,1.0,71.0,0.0,6.038,7.855,9.804,3.262,29.827,2.233,4.638
2021,4,Chaco,36,63,35,8,2,4405,144,5.0,461.0,112.0,18.845,22.678,21.937,13.692,58.435,7.585,4.234
2021,4,Chubut,46,57,10,28,19,8257,159,944.0,126.0,1.294,63.698,39.568,31.175,5.78,2.904,15.763,908.0
2021,4,Córdoba,212,487,217,61,9,8451,987,77.0,100.0,2.479,184.548,130.892,76.246,41.198,538.7,12.607,4.636
2021,4,Corrientes,43,71,10,7,5,4551,136,4.0,67.0,645.0,28.83,26.368,22.922,10.087,39.911,7.082,3.577
2021,4,Entre Ríos,70,133,23,25,13,6316,265,22.0,107.0,3.024,56.043,49.636,38.295,24.068,77.29,16.583,3.332
2021,4,Formosa,17,15,5,16,172,3445,54,0.0,84.0,0.0,22.908,6.983,6.811,1.135,13.775,1.967,2.876
2021,4,Jujuy,22,61,24,3,4,5692,114,0.0,58.0,175.0,22.446,16.793,38.134,564.0,33.421,2.324,2.714
2021,4,La Pampa,8,58,20,19,1,8957,107,173.0,301.0,493.0,64.84,9.082,12.259,4.821,12.184,3.027,1.385
2021,4,La Rioja,10,57,9,7,31,7792,83,4.0,18.0,1.0,5.018,5.437,23.559,5.671,43.424,0.0,3.97
2021,4,Mendoza,60,72,110,25,2,4751,267,804.0,156.0,1.463,66.428,30.308,75.214,18.621,75.031,366.0,2.223
2021,4,Misiones,42,92,22,8,8,4906,171,0.0,51.0,5.0,41.916,23.554,26.721,15.954,54.596,8.335,3.89
2021,4,Neuquén,29,73,23,22,746,7330,147,477.0,140.0,940.0,42.313,13.264,10.515,3.31,69.217,7.767,4.009
2021,4,Río Negro,42,44,32,17,18,6569,153,564.0,156.0,1.174,38.373,19.878,31.255,4.13,36.142,22.645,2.72
2021,4,Salta,47,100,40,6,7,5681,199,6.0,114.0,20.0,40.673,69.324,6.642,3.535,72.622,6.475,3.394
2021,4,San Juan,36,13,11,11,8,3959,80,291.0,44.0,1.442,28.906,10.955,23.978,398.0,9.8,4.435,1.105
2021,4,San Luis,8,11,30,71,29,8030,119,187.0,62.0,264.0,8.55,4.276,9.107,67.363,9.0,29.218,2.091
2021,4,Santa Cruz,11,23,10,4,417,4305,48,210.0,52.0,297.0,20.305,11.641,13.054,1.77,876.0,491.0,899.0
2021,4,Santa Fe,233,444,129,44,16,7709,866,176.0,467.0,581.0,169.706,206.856,85.69,62.349,322.015,18.777,3.602
2021,4,Santiago Del Estero,19,87,1,6,3,4705,116,2.0,178.0,909.0,31.915,61.524,12.205,800.0,7.537,793.0,1.384
2021,4,Tierra Del Fuego,13,38,426,124,342,9840,52,315.0,26.0,385.0,13.505,16.534,16.562,1.748,1.017,2.58,1.07
2021,4,Tucumán,98,59,79,3,486,5593,239,30.0,39.0,97.0,37.321,48.736,21.023,5.326,125.857,240.0,4.515
2021,3,Buenos Aires,586,3,886,120,65,7168,4,5.0,37.193,31.149,1108.94,248.153,141.383,192.797,2482.266,9.728,5.626
2021,3,Capital Federal,143,1,43,6,29,11127,1,2.0,295.0,603.0,156.978,67.013,39.785,73.502,1075.229,0.0,7.771
2021,3,Catamarca,18,12,22,2,2,5271,56,1.0,71.0,0.0,6.755,8.428,10.517,1.659,26.618,2.206,4.343
2021,3,Chaco,38,64,28,8,2,4296,140,3.0,301.0,112.0,22.545,20.986,23.852,14.412,49.705,7.958,3.911
2021,3,Chubut,49,56,9,23,19,8071,155,800.0,104.0,105.0,89.168,26.281,18.538,5.32,1.643,14.907,818.0
2021,3,Córdoba,229,477,167,58,15,8128,947,62.0,99.0,2.452,204.989,141.285,65.05,47.198,476.459,9.256,4.193
2021,3,Corrientes,45,69,8,7,5,4490,134,3.0,67.0,645.0,29.629,28.478,24.792,9.687,35.468,5.053,3.217
2021,3,Entre Ríos,74,129,20,24,13,6218,260,15.0,107.0,3.024,61.354,59.776,39.114,16.284,67.961,12.755,2.96
2021,3,Formosa,18,14,5,16,171,3396,53,0.0,381.0,0.0,22.778,7.142,6.978,1.192,12.707,1.617,2.669
2021,3,Jujuy,24,61,20,3,4,5569,111,0.0,48.0,175.0,23.884,16.417,37.755,561.0,29.917,2.401,2.598
2021,3,La Pampa,9,58,18,14,1,8428,100,116.0,298.0,313.0,65.063,7.395,8.737,4.023,10.506,4.152,1.299
2021,3,La Rioja,11,55,9,7,30,7726,82,3.0,18.0,1.0,5.366,5.979,23.315,4.868,42.613,0.0,3.887
2021,3,Mendoza,91,71,71,22,828,4555,255,619.0,36.0,31.0,151.871,12.64,62.628,7.596,21.087,50.0,1.337
2021,3,Misiones,43,89,11,7,8,4557,159,0.0,51.0,5.0,41.932,25.099,26.079,14.792,42.291,8.279,3.088
2021,3,Neuquén,30,74,16,19,640,6971,139,373.0,112.0,327.0,57.441,8.566,6.234,3.631,57.919,5.579,3.834
2021,3,Río Negro,48,45,19,15,18,6197,144,501.0,125.0,557.0,68.991,3.73,14.88,2.282,34.011,20.009,2.54
2021,3,Salta,49,98,36,6,6,5596,196,2.0,101.0,20.0,41.431,70.104,6.962,3.878,67.01,6.327,3.121
2021,3,San Juan,40,13,7,11,8,3946,79,256.0,18.0,333.0,59.873,752.0,13.25,338.0,278.0,4.641,704.0
2021,3,San Luis,8,12,27,69,29,7987,118,148.0,60.0,0.0,11.552,2.405,6.491,67.942,22.0,29.392,2.17
2021,3,Santa Cruz,12,23,6,4,3,4375,49,197.0,50.0,0.0,30.561,8.365,6.799,1.788,678.0,735.0,769.0
2021,3,Santa Fe,246,443,93,43,16,7502,841,151.0,467.0,579.0,193.207,201.25,83.941,55.08,290.793,16.267,3.313
2021,3,Santiago Del Estero,20,86,909,6,3,4700,115,1.0,123.0,909.0,32.752,61.838,11.274,801.0,6.863,898.0,1.335
2021,3,Tierra Del Fuego,13,37,6,16,390,9495,50,289.0,17.0,0.0,23.723,13.397,9.782,1.433,976.0,895.0,952.0
2021,3,Tucumán,104,54,71,2,743,5464,232,25.0,32.0,97.0,39.446,50.293,21.986,5.3,115.154,164.0,4.21
2021,2,Buenos Aires,603,3,854,114,58,7000,4,5.0,37.192,31.178,1096.049,244.001,140.322,236.897,2337.604,9.108,5.276
2021,2,Capital Federal,149,1,41,6,29,11014,1,2.0,294.0,603.0,157.558,73.568,43.859,86.655,1037.752,66.0,7.275
2021,2,Catamarca,20,9,22,1,2,5234,56,1.0,71.0,0.0,7.219,9.091,6.828,4.941,25.388,2.206,4.219
2021,2,Chaco,40,63,28,8,2,4333,141,3.0,301.0,112.0,23.444,21.574,24.032,16.069,47.239,7.958,3.74
2021,2,Chubut,49,41,6,24,19,7229,138,825.0,104.0,105.0,89.639,22.605,16.604,3.896,1.112,5.172,768.0
2021,2,Córdoba,240,468,152,56,16,8012,931,62.0,99.0,2.452,201.757,136.516,66.95,70.824,442.357,9.925,3.959
2021,2,Corrientes,47,67,4,7,5,4354,129,3.0,67.0,645.0,29.419,27.037,24.524,10.059,32.697,5.053,3.037
2021,2,Entre Ríos,78,125,18,24,13,6166,258,15.0,107.0,3.024,63.518,55.349,39.468,18.484,61.605,16.077,2.762
2021,2,Formosa,20,13,4,16,171,3323,52,0.0,381.0,0.0,22.364,7.31,7.46,1.341,11.077,1.618,2.397
2021,2,Jujuy,25,61,20,3,4,5618,112,0.0,48.0,175.0,24.182,16.577,37.908,607.0,29.95,2.401,2.581
2021,2,La Pampa,9,57,17,13,1,8208,98,116.0,298.0,554.0,64.146,7.769,8.128,3.399,9.311,4.062,1.228
2021,2,La Rioja,12,54,9,6,30,7698,82,3.0,18.0,1.0,5.312,5.971,23.298,4.825,42.158,19.0,3.853
2021,2,Mendoza,92,71,45,22,827,4097,229,619.0,36.0,31.0,137.462,10.886,56.117,4.403,20.686,50.0,1.347
2021,2,Misiones,45,88,10,5,8,4501,156,0.0,51.0,5.0,41.643,25.907,25.811,16.172,38.308,8.279,2.868
2021,2,Neuquén,30,73,16,19,640,6914,138,373.0,112.0,327.0,57.713,8.631,5.871,5.943,54.008,5.645,3.611
2021,2,Río Negro,48,44,19,15,18,6194,144,501.0,125.0,557.0,69.356,3.663,15.019,3.867,31.488,20.009,2.375
2021,2,Salta,51,96,32,6,6,5493,192,2.0,101.0,20.0,42.543,67.012,7.099,9.654,58.882,6.328,2.924
2021,2,San Juan,40,12,7,11,8,3928,79,256.0,18.0,333.0,59.989,784.0,12.55,340.0,278.0,4.641,699.0
2021,2,San Luis,8,11,28,67,36,8348,123,148.0,60.0,0.0,11.752,2.703,5.418,65.946,22.0,36.917,2.166
2021,2,Santa Cruz,12,23,6,4,3,4401,49,197.0,50.0,0.0,30.595,8.463,6.888,1.575,676.0,735.0,763.0
2021,2,Santa Fe,257,432,90,44,18,7507,840,151.0,467.0,896.0,202.018,204.077,80.452,75.195,262.124,15.371,3.07
2021,2,Santiago Del Estero,21,84,909,5,4,4656,114,1.0,123.0,909.0,32.034,62.224,10.359,811.0,6.064,1.566,1.272
2021,2,Tierra Del Fuego,13,23,6,14,316,6789,35,289.0,17.0,0.0,21.335,6.913,4.58,476.0,889.0,1.483,859.0
2021,2,Tucumán,110,48,72,2,743,5493,233,25.0,32.0,97.0,40.224,51.648,23.732,5.022,109.616,2.68,4.031
2021,1,Buenos Aires,630,2,822,99,58,6911,4,5.0,36.939,31.187,1108.368,240.52,163.747,222.061,2246.313,10.867,5.079
2021,1,Capital Federal,160,1,40,6,29,10842,1,1.0,135.0,244.0,159.662,76.753,56.457,83.255,1003.041,126.0,6.829
2021,1,Catamarca,26,4,19,322,2,4890,52,1.0,71.0,0.0,7.423,8.455,10.115,712.0,22.996,2.196,3.997
2021,1,Chaco,43,61,25,8,2,4314,140,3.0,301.0,112.0,24.357,22.102,27.556,14.496,42.462,8.384,3.363
2021,1,Chubut,46,41,3,24,19,6899,132,825.0,106.0,109.0,86.986,21.401,15.392,2.844,1.112,4.39,753.0
2021,1,Córdoba,260,445,135,54,17,7859,911,55.0,93.0,2.386,211.799,135.092,74.659,71.984,402.191,12.677,3.617
2021,1,Corrientes,49,63,3,6,5,4266,127,3.0,67.0,527.0,31.544,26.223,26.169,9.001,27.641,5.453,2.599
2021,1,Entre Ríos,84,118,17,21,12,6044,252,13.0,105.0,2.911,67.255,56.06,42.432,15.774,54.6,12.826,2.387
2021,1,Formosa,21,11,3,16,380,3273,51,0.0,56.0,0.0,22.409,7.569,7.916,1.215,9.579,1.942,2.098
2021,1,Jujuy,32,54,17,3,4,5563,110,0.0,49.0,175.0,23.735,17.293,40.649,568.0,25.609,2.378,2.678
2021,1,La Pampa,9,59,16,12,1,8178,97,116.0,298.0,554.0,68.2,7.864,7.611,2.786,7.368,2.424,1.073
2021,1,La Rioja,17,35,1,250,30,4981,53,3.0,18.0,1.0,36.749,5.968,4.604,215.0,5.074,-1.0,1.27
2021,1,Mendoza,92,69,39,18,833,3915,218,615.0,28.0,40.0,134.386,11.216,52.533,4.061,16.615,44.0,1.26
2021,1,Misiones,48,82,7,5,7,4317,149,0.0,51.0,524.0,40.949,25.503,27.101,14.05,32.953,8.256,2.508
2021,1,Neuquén,30,70,14,18,632,6684,133,373.0,116.0,327.0,56.171,8.443,5.903,5.677,50.84,5.758,3.424
2021,1,Río Negro,49,42,18,14,18,6088,141,501.0,125.0,466.0,70.011,4.187,13.045,3.642,29.589,20.103,2.192
2021,1,Salta,55,89,31,6,6,5393,188,2.0,109.0,20.0,40.785,68.149,9.164,8.139,54.889,6.319,2.732
2021,1,San Juan,40,12,7,11,8,3906,78,256.0,25.0,194.0,60.439,858.0,11.494,340.0,276.0,4.641,691.0
2021,1,San Luis,8,11,28,64,36,8124,119,148.0,58.0,0.0,11.889,2.926,4.429,62.913,22.0,36.917,2.159
2021,1,Santa Cruz,12,23,6,4,390,4165,46,197.0,50.0,0.0,30.655,8.334,6.987,1.337,647.0,-1.945,750.0
2021,1,Santa Fe,277,421,71,39,18,7392,826,137.0,518.0,891.0,201.632,204.458,91.846,65.476,236.924,24.382,2.813
2021,1,Santiago Del Estero,26,76,570,5,4,4567,112,1.0,123.0,909.0,33.884,58.464,8.549,700.0,4.868,4.144,1.158
2021,1,Tierra Del Fuego,13,27,6,0,316,7735,40,289.0,17.0,0.0,21.379,1.468,4.317,486.0,919.0,11.836,873.0
2021,1,Tucumán,147,12,70,2,740,5482,232,22.0,29.0,97.0,42.81,53.416,25.255,4.188,103.437,2.68,3.798
2020,4,Buenos Aires,636,2,805,93,58,6898,4,5.0,36.939,31.197,1109.865,242.243,214.171,213.588,2176.242,9.016,5.001
2020,4,Capital Federal,163,1,40,5,29,10831,1,1.0,135.0,244.0,160.21,78.123,60.208,80.269,1000.073,268.0,6.733
2020,4,Catamarca,27,5,18,322,2,4941,52,1.0,71.0,0.0,8.843,8.74,11.436,591.0,20.406,2.309,3.765
2020,4,Chaco,44,61,24,8,2,4303,139,3.0,301.0,112.0,24.782,22.479,26.802,15.701,40.949,7.965,3.245
2020,4,Chubut,46,40,3,23,19,6835,130,825.0,106.0,109.0,88.157,21.824,12.046,2.818,1.112,4.402,738.0
2020,4,Córdoba,267,439,126,53,18,7808,903,55.0,119.0,2.386,214.963,135.262,82.221,70.013,384.169,13.568,3.512
2020,4,Corrientes,50,61,3,6,5,4243,126,3.0,67.0,527.0,31.9,26.321,25.687,9.383,26.789,4.985,2.545
2020,4,Entre Ríos,86,114,16,20,12,5947,247,13.0,105.0,2.911,65.659,53.556,40.755,16.6,53.141,14.654,2.405
2020,4,Formosa,21,11,2,15,380,3249,50,0.0,56.0,0.0,23.54,7.606,7.181,1.197,8.946,1.68,1.97
2020,4,Jujuy,33,53,16,1,3,5346,106,0.0,49.0,182.0,23.772,14.379,44.93,446.0,19.282,2.811,2.521
2020,4,La Pampa,9,59,15,12,1,8177,97,116.0,298.0,554.0,70.184,8.124,6.562,2.396,6.257,2.52,988.0
2020,4,La Rioja,18,35,1,250,30,5011,53,3.0,18.0,1.0,36.906,6.06,4.633,181.0,4.979,0.0,1.253
2020,4,Mendoza,92,68,36,18,833,3863,215,615.0,28.0,40.0,146.312,11.172,40.396,3.378,11.557,2.57,1.109
2020,4,Misiones,49,80,7,4,7,4264,147,0.0,51.0,524.0,39.988,26.078,26.445,14.81,32.264,7.001,2.496
2020,4,Neuquén,30,71,14,18,632,6700,133,373.0,116.0,327.0,56.434,8.478,5.791,5.493,50.776,5.72,3.391
2020,4,Río Negro,49,42,18,14,18,6109,141,501.0,125.0,466.0,70.305,4.153,13.131,3.512,29.372,20.146,2.164
2020,4,Salta,57,88,31,6,6,5404,187,2.0,109.0,514.0,41.443,68.829,15.188,8.291,46.697,6.319,2.532
2020,4,San Juan,40,7,7,10,8,3632,72,256.0,25.0,194.0,61.316,740.0,5.126,332.0,275.0,4.588,641.0
2020,4,San Luis,8,12,27,63,36,8168,119,148.0,58.0,0.0,14.02,3.49,2.688,62.239,22.0,36.918,2.125
2020,4,Santa Cruz,12,20,1,5,3,3700,40,197.0,47.0,0.0,27.173,4.382,6.634,1.033,647.0,758.0,749.0
2020,4,Santa Fe,287,415,63,39,17,7358,821,137.0,518.0,891.0,206.372,203.793,94.246,65.145,226.246,23.602,2.729
2020,4,Santiago Del Estero,27,71,570,5,4,4375,107,1.0,123.0,909.0,34.518,57.59,4.666,411.0,4.52,3.932,1.128
2020,4,Tierra Del Fuego,13,26,6,0,316,7627,39,289.0,17.0,0.0,21.881,6.119,3.497,488.0,922.0,6.69,849.0
2020,4,Tucumán,149,11,68,2,740,5478,231,22.0,29.0,97.0,44.095,54.334,32.155,4.105,93.594,2.68,3.644
2020,3,Buenos Aires,654,2,749,94,56,6766,4,5.0,37.542,31.514,1113.823,234.71,219.772,194.248,2085.815,19.853,4.838
2020,3,Capital Federal,170,1,39,4,29,10768,1,1.0,264.0,312.0,162.222,85.083,68.753,78.028,977.766,247.0,6.381
2020,3,Catamarca,27,4,17,261,2,4716,50,1.0,63.0,0.0,8.276,8.768,11.195,562.0,18.886,2.154,3.654
2020,3,Chaco,46,59,21,7,2,4154,134,3.0,308.0,112.0,24.675,21.639,27.546,13.751,38.729,7.194,3.08
2020,3,Chubut,46,39,3,23,19,6834,129,825.0,158.0,109.0,87.559,22.114,12.217,2.818,1.11,3.942,740.0
2020,3,Córdoba,276,431,102,48,10,7522,867,55.0,168.0,3.064,218.599,124.833,84.236,63.823,361.021,11.728,3.351
2020,3,Corrientes,51,59,3,6,5,4175,123,3.0,72.0,527.0,35.19,23.315,25.308,8.615,25.344,5.02,2.385
2020,3,Entre Ríos,88,107,14,20,12,5819,241,13.0,130.0,2.911,66.648,51.478,40.797,14.377,49.395,15.759,2.243
2020,3,Formosa,22,10,2,15,393,3191,49,0.0,391.0,151.0,23.163,7.432,7.125,991.0,8.219,1.737,1.828
2020,3,Jujuy,33,58,11,952,4,5404,107,0.0,55.0,182.0,32.131,10.566,45.198,293.0,15.238,3.065,2.191
2020,3,La Pampa,9,57,15,12,1,7926,94,116.0,293.0,810.0,66.695,7.82,5.577,2.189,6.322,4.029,1.07
2020,3,La Rioja,17,35,1,250,35,5012,53,3.0,21.0,1.0,37.105,5.955,4.66,124.0,4.748,2.0,1.219
2020,3,Mendoza,92,65,33,18,868,3735,207,615.0,58.0,40.0,141.404,12.123,42.433,3.448,8.237,45.0,1.019
2020,3,Misiones,50,78,3,3,9,4160,143,0.0,71.0,524.0,39.005,24.215,25.942,13.663,30.987,8.779,2.414
2020,3,Neuquén,30,70,11,17,737,6524,129,373.0,218.0,327.0,60.463,6.561,5.975,5.449,49.439,803.0,3.146
2020,3,Río Negro,50,40,10,13,18,5705,131,501.0,114.0,466.0,68.986,3.769,7.096,3.455,28.488,19.093,2.108
2020,3,Salta,58,84,25,6,7,5232,181,2.0,129.0,514.0,32.78,64.736,15.99,7.928,43.773,14.996,2.526
2020,3,San Juan,40,9,6,14,8,3879,77,256.0,48.0,194.0,65.526,711.0,6.529,41.0,128.0,4.15,603.0
2020,3,San Luis,8,10,6,62,36,7996,116,148.0,105.0,0.0,12.199,3.351,2.666,61.319,8.0,36.917,2.085
2020,3,Santa Cruz,13,16,1,7,2,3595,39,197.0,66.0,0.0,26.888,4.015,6.73,629.0,120.0,833.0,665.0
2020,3,Santa Fe,295,406,46,37,19,7212,803,137.0,568.0,1.241,213.353,199.381,92.095,58.797,210.562,27.001,2.569
2020,3,Santiago Del Estero,26,71,555,4,4,4338,105,1.0,133.0,909.0,33.287,57.418,4.658,292.0,3.994,4.801,1.088
2020,3,Tierra Del Fuego,13,26,0,0,310,7681,39,289.0,11.0,0.0,22.094,5.414,3.726,481.0,937.0,6.992,851.0
2020,3,Tucumán,150,12,60,2,762,5323,224,22.0,52.0,97.0,45.913,54.61,33.126,3.246,84.195,2.637,3.484
2020,2,Buenos Aires,661,2,723,92,57,6522,4,5.0,37.542,31.606,1129.236,241.336,233.132,188.995,1894.466,21.233,4.566
2020,2,Capital Federal,179,1,39,4,29,10641,1,1.0,264.0,312.0,166.474,94.585,79.858,80.16,935.481,687.0,6.048
2020,2,Catamarca,27,4,15,261,2,4543,48,1.0,63.0,0.0,8.801,8.69,10.242,426.0,16.578,3.176,3.493
2020,2,Chaco,47,56,17,6,2,3983,128,3.0,308.0,928.0,24.35,21.14,29.044,12.082,33.311,6.969,2.795
2020,2,Chubut,46,38,1,18,6,5734,108,825.0,158.0,109.0,69.578,22.188,10.537,1.473,614.0,3.999,761.0
2020,2,Córdoba,283,415,86,45,8,7271,836,55.0,168.0,4.383,219.025,125.932,89.53,63.216,325.243,8.971,3.099
2020,2,Corrientes,51,56,3,4,5,4030,119,3.0,72.0,527.0,34.242,22.845,25.844,7.898,22.418,5.02,2.215
2020,2,Entre Ríos,89,99,14,20,11,5654,234,13.0,130.0,3.679,66.758,50.64,42.09,12.856,43.391,14.569,2.045
2020,2,Formosa,22,9,2,15,169,3114,48,0.0,391.0,151.0,23.534,7.109,6.998,961.0,7.475,1.313,1.687
2020,2,Jujuy,33,39,5,952,17,4789,94,0.0,55.0,182.0,30.548,10.519,26.829,209.0,9.417,16.557,1.586
2020,2,La Pampa,9,54,14,11,1,7610,90,116.0,293.0,810.0,71.218,7.531,3.8,1.657,3.377,1.123,803.0
2020,2,La Rioja,17,35,1,250,35,4984,52,3.0,21.0,1.0,37.375,5.661,4.686,73.0,4.336,2.0,1.167
2020,2,Mendoza,92,63,30,16,802,3625,201,615.0,58.0,40.0,142.253,12.439,35.274,3.248,5.422,2.45,927.0
2020,2,Misiones,51,74,3,3,9,4089,140,0.0,71.0,524.0,39.867,23.719,26.445,12.305,28.763,8.646,2.256
2020,2,Neuquén,30,68,11,16,1,6390,126,373.0,218.0,327.0,61.171,6.103,6.625,5.296,46.432,0.0,2.91
2020,2,Río Negro,50,40,10,11,18,5637,129,501.0,114.0,466.0,70.817,3.335,7.498,3.246,26.953,17.057,1.968
2020,2,Salta,60,82,24,5,7,5158,178,2.0,129.0,514.0,41.801,64.463,16.989,7.741,39.594,6.531,2.256
2020,2,San Juan,40,8,6,7,9,3509,70,256.0,48.0,194.0,59.113,917.0,4.908,40.0,127.0,4.43,631.0
2020,2,San Luis,8,8,6,61,36,7841,114,148.0,105.0,0.0,11.439,3.585,1.934,60.889,8.0,35.992,2.102
2020,2,Santa Cruz,13,16,1,7,2,3579,39,197.0,66.0,0.0,26.938,4.166,6.541,546.0,119.0,493.0,659.0
2020,2,Santa Fe,300,382,47,30,19,7000,778,137.0,568.0,2.061,213.054,198.772,96.575,57.236,189.473,20.193,2.393
2020,2,Santiago Del Estero,26,72,355,3,4,4347,105,1.0,133.0,1.779,32.557,57.709,5.178,247.0,3.328,4.516,1.041
2020,2,Tierra Del Fuego,13,26,0,0,310,7637,39,289.0,11.0,0.0,22.325,5.186,3.034,391.0,796.0,7.446,813.0
2020,2,Tucumán,150,10,55,1,762,5178,217,22.0,52.0,97.0,49.028,54.537,34.184,2.246,74.377,2.635,3.27
2020,1,Buenos Aires,673,2,721,85,18,6433,4,5.0,38.215,36.802,1122.034,236.421,247.977,205.78,1802.583,28.935,4.518
2020,1,Capital Federal,184,1,39,4,29,10598,1,1.0,264.0,312.0,169.651,102.254,89.665,85.899,906.009,0.0,5.871
2020,1,Catamarca,22,3,12,261,2,3762,40,1.0,63.0,0.0,8.838,7.543,9.558,408.0,10.299,2.151,2.913
2020,1,Chaco,46,54,12,6,2,3748,120,3.0,308.0,928.0,23.291,19.976,29.851,10.416,28.539,6.917,2.594
2020,1,Chubut,46,27,1,17,5,5127,96,800.0,158.0,109.0,69.586,12.957,7.756,1.24,614.0,4.5,712.0
2020,1,Córdoba,286,406,69,42,9,7069,811,55.0,142.0,5.128,217.229,120.188,95.827,65.733,296.875,9.802,2.939
2020,1,Corrientes,51,53,2,2,5,3873,114,3.0,72.0,527.0,33.479,21.382,26.679,7.351,19.467,4.78,2.054
2020,1,Entre Ríos,90,95,13,19,14,5612,232,13.0,130.0,4.081,72.28,47.132,41.125,11.988,39.794,13.762,1.903
2020,1,Formosa,21,9,2,15,169,3023,46,0.0,1.127,342.0,23.761,6.5,6.564,964.0,6.918,100.0,1.57
2020,1,Jujuy,32,39,3,942,17,4667,92,0.0,55.0,182.0,33.12,9.979,26.693,166.0,7.349,16.545,1.414
2020,1,La Pampa,9,54,14,11,2,7577,89,116.0,293.0,811.0,72.74,7.199,3.029,1.342,2.113,1.618,729.0
2020,1,La Rioja,13,35,0,251,29,4635,48,3.0,21.0,1.0,37.209,5.158,4.64,22.0,1.294,0.0,796.0
2020,1,Mendoza,92,50,28,12,722,3314,183,615.0,58.0,40.0,140.41,12.285,17.489,2.86,3.818,0.0,844.0
2020,1,Misiones,51,69,1,460,11,3902,134,0.0,71.0,524.0,36.622,21.271,26.433,11.581,26.313,10.885,2.215
2020,1,Neuquén,29,66,11,15,729,6185,121,373.0,218.0,327.0,60.152,5.257,7.123,5.399,43.738,0.0,2.777
2020,1,Río Negro,48,38,10,11,18,5512,126,501.0,114.0,466.0,69.154,2.93,7.857,3.199,25.488,17.719,1.906
2020,1,Salta,60,76,23,4,7,4960,170,2.0,129.0,514.0,38.537,63.714,17.991,8.625,34.744,6.441,2.143
2020,1,San Juan,40,6,6,7,5,3239,64,256.0,48.0,194.0,59.787,1.594,1.292,40.0,127.0,4.779,604.0
2020,1,San Luis,8,8,5,58,36,7631,110,148.0,105.0,0.0,11.322,4.164,525.0,58.258,5.0,36.075,2.099
2020,1,Santa Cruz,13,16,1,7,2,3597,39,197.0,67.0,11.0,27.447,4.993,5.169,529.0,119.0,0.0,642.0
2020,1,Santa Fe,302,384,35,30,19,6952,771,137.0,696.0,2.994,217.553,196.826,104.56,48.448,173.823,17.656,2.242
2020,1,Santiago Del Estero,25,70,200,3,5,4247,103,1.0,133.0,1.779,33.086,56.884,3.737,135.0,2.799,4.501,1.0
2020,1,Tierra Del Fuego,13,26,0,0,308,7607,39,289.0,11.0,1.0,22.976,5.024,1.834,196.0,518.0,7.046,741.0
2020,1,Tucumán,143,10,45,1,347,4785,200,22.0,52.0,97.0,49.555,50.383,31.096,1.73,67.536,0.0,3.225
2019,4,Buenos Aires,720,2,669,87,18,6425,4,5.0,33.489,27.537,1177.446,262.297,247.106,452.57,1465.133,20.676,3.077
2019,4,Capital Federal,197,1,36,4,29,10625,1,1.0,307.0,15.0,177.098,110.218,110.852,205.81,753.805,0.0,4.42
2019,4,Catamarca,23,3,10,261,2,3644,38,1.0,63.0,0.0,9.945,7.619,9.305,804.0,7.477,3.098,2.488
2019,4,Chaco,49,54,9,5,2,3684,118,3.0,83.0,0.0,25.899,18.959,30.902,13.516,21.556,6.988,2.337
2019,4,Chubut,47,27,1,15,5,5115,95,810.0,158.0,4.0,69.405,12.945,7.615,1.24,614.0,4.121,699.0
2019,4,Córdoba,297,410,53,38,9,7048,807,55.0,142.0,0.0,232.781,118.232,109.33,114.111,221.742,10.35,2.616
2019,4,Corrientes,53,52,2,2,5,3877,114,3.0,72.0,0.0,35.055,20.62,27.367,9.981,15.744,4.995,1.926
2019,4,Entre Ríos,93,99,13,19,15,5799,239,13.0,47.0,0.0,88.203,44.511,42.962,18.976,30.153,14.178,1.701
2019,4,Formosa,22,9,2,15,169,3047,47,0.0,1.127,191.0,24.606,6.319,6.788,1.766,5.671,243.0,1.453
2019,4,Jujuy,33,38,873,814,17,4538,89,0.0,55.0,0.0,32.92,9.632,26.764,102.0,5.286,14.122,1.296
2019,4,La Pampa,15,57,5,11,2,7692,90,119.0,293.0,313.0,76.747,6.9,1.951,1.287,1.342,1.566,653.0
2019,4,La Rioja,14,35,0,251,29,4714,49,3.0,21.0,0.0,37.846,5.045,4.763,22.0,1.305,0.0,800.0
2019,4,Mendoza,97,50,25,14,730,3365,185,623.0,746.0,9.0,145.139,12.955,15.237,2.165,2.628,6.901,779.0
2019,4,Misiones,53,70,847,441,12,3979,136,0.0,71.0,0.0,39.664,20.84,27.305,15.626,20.799,11.508,2.032
2019,4,Neuquén,30,61,11,14,854,5936,116,376.0,218.0,1.0,57.37,4.439,7.357,12.059,35.001,0.0,2.602
2019,4,Río Negro,50,38,10,11,18,5571,127,504.0,114.0,0.0,71.847,2.797,8.558,6.968,19.837,17.019,1.718
2019,4,Salta,63,76,22,3,8,5035,172,2.0,149.0,1.0,42.159,67.656,15.369,14.17,25.821,7.12,1.908
2019,4,San Juan,41,6,5,7,5,3285,65,259.0,48.0,1.0,60.626,1.594,1.292,40.0,127.0,1.246,604.0
2019,4,San Luis,9,8,6,55,36,7492,108,148.0,105.0,0.0,11.901,4.164,525.0,55.216,3.0,36.287,2.069
2019,4,Santa Cruz,13,16,1,7,2,3671,39,200.0,67.0,0.0,32.368,4.346,2.224,7.0,8.0,350.0,521.0
2019,4,Santa Fe,312,382,27,27,20,6948,769,150.0,698.0,0.0,230.234,190.664,113.527,70.998,135.576,27.472,2.055
2019,4,Santiago Del Estero,25,71,200,3,5,4292,104,1.0,133.0,908.0,34.911,56.309,3.756,105.0,2.449,5.017,979.0
2019,4,Tierra Del Fuego,13,27,0,0,310,7970,40,291.0,11.0,0.0,23.593,5.05,1.848,139.0,1.962,7.789,727.0
2019,4,Tucumán,147,11,40,725,348,4765,199,23.0,55.0,0.0,54.544,52.017,28.916,6.405,56.707,0.0,2.987
2019,3,Buenos Aires,1,2,425,86,27,6936,4,10.0,238.92,44.648,1432.722,222.812,260.506,483.572,1246.209,42.294,2.568
2019,3,Capital Federal,300,1,25,4,31,11265,1,3.0,104.0,368.0,269.704,120.924,138.011,258.591,655.108,0.0,3.871
2019,3,Catamarca,24,6,13,244,2,3088,32,9.0,34.0,43.0,14.449,9.285,6.333,72.0,15.0,2.151,929.0
2019,3,Chaco,50,49,8,5,2,3585,114,13.0,69.0,1.216,32.764,28.198,13.336,12.987,16.74,6.917,1.999
2019,3,Chubut,37,27,2,15,8,4757,87,2.0,74.0,840.0,62.68,13.033,7.171,1.24,614.0,4.5,697.0
2019,3,Córdoba,308,399,30,37,9,6859,783,107.0,83.0,5.824,240.151,106.651,118.486,146.247,157.546,7.353,2.319
2019,3,Corrientes,53,50,2,2,5,3849,113,10.0,10.0,597.0,42.231,29.628,10.348,10.388,12.674,4.78,1.67
2019,3,Entre Ríos,95,96,13,19,15,5790,238,45.0,19.0,4.446,99.656,56.161,17.064,21.216,22.645,15.107,1.47
2019,3,Formosa,22,8,1,14,162,3011,46,0.0,1.11,349.0,24.943,6.049,7.117,2.262,4.443,100.0,1.322
2019,3,Jujuy,33,36,274,812,17,4432,87,1.0,27.0,885.0,31.722,9.24,26.835,56.0,3.671,16.545,1.197
2019,3,La Pampa,19,53,5,11,2,7745,91,269.0,237.0,3.289,75.849,5.922,1.611,1.359,941.0,1.618,572.0
2019,3,La Rioja,14,35,11,251,41,4794,50,18.0,9.0,10.0,38.657,4.786,4.887,22.0,1.307,0.0,800.0
2019,3,Mendoza,149,54,7,13,2,4074,223,1.0,21.0,1.269,206.821,2.958,10.093,1.263,349.0,0.0,611.0
2019,3,Misiones,54,66,829,419,12,3933,134,0.0,47.0,1.928,43.53,29.375,11.256,16.107,16.65,12.206,1.793
2019,3,Neuquén,43,60,6,14,3,6414,123,2.0,45.0,2.258,62.909,4.586,9.597,16.923,28.458,122.0,2.375
2019,3,Río Negro,67,37,10,11,19,6342,143,904.0,47.0,1.234,87.435,2.348,9.779,10.176,15.505,17.719,1.598
2019,3,Salta,66,74,733,2,9,4448,152,1.0,49.0,900.0,43.16,62.23,14.309,11.418,12.357,7.515,1.475
2019,3,San Juan,52,7,1,7,6,3706,73,563.0,22.0,171.0,68.315,2.245,1.267,41.0,128.0,4.779,604.0
2019,3,San Luis,13,11,350,62,36,8523,122,291.0,57.0,100.0,18.643,5.113,467.0,62.242,5.0,36.075,1.974
2019,3,Santa Cruz,11,17,969,7,3,3563,38,328.0,28.0,84.0,31.612,4.472,1.203,27.0,4.0,0.0,502.0
2019,3,Santa Fe,319,377,19,24,21,6887,761,228.0,640.0,8.184,242.454,193.286,107.068,84.325,97.082,19.537,1.817
2019,3,Santiago Del Estero,25,71,219,3,34,5530,133,2.0,39.0,1.832,35.554,55.172,3.612,86.0,1.836,34.501,939.0
2019,3,Tierra Del Fuego,20,27,651,0,1,9646,48,544.0,6.0,14.0,32.133,4.692,1.756,82.0,226.0,9.648,669.0
2019,3,Tucumán,151,12,116,684,324,3949,164,32.0,16.0,110.0,71.043,47.693,24.354,843.0,20.385,0.0,1.932
2019,2,Buenos Aires,1,2,383,75,33,6785,4,10.0,199.768,46.852,1436.259,217.785,438.663,502.275,985.767,43.438,2.248
2019,2,Capital Federal,310,1,36,4,4,11055,1,3.0,74.0,1.027,281.37,124.087,239.691,296.155,475.991,,3.035
2019,2,Catamarca,26,6,13,146,2,3213,34,9.0,34.0,43.0,16.631,8.67,6.049,34.0,10.0,2.151,881.0
2019,2,Chaco,51,47,4,5,2,3414,109,13.0,69.0,1.383,38.488,26.431,16.789,15.348,9.904,1.492,1.601
2019,2,Chubut,37,26,2,14,8,4699,86,2.0,66.0,3.952,69.032,10.049,1.495,74.0,165.0,4.5,605.0
2019,2,Córdoba,315,388,23,34,15,6807,775,105.0,81.0,8.165,248.427,100.512,157.458,170.159,76.053,8.938,1.843
2019,2,Corrientes,54,47,2,2,6,3816,112,10.0,10.0,3.012,40.424,27.774,13.114,11.928,7.119,6.08,1.383
2019,2,Entre Ríos,97,91,13,17,18,5748,236,44.0,18.0,5.905,100.687,52.316,23.196,24.221,10.664,17.206,1.219
2019,2,Formosa,22,9,1,14,162,3042,46,0.0,1.11,349.0,26.512,5.399,8.384,2.639,2.258,100.0,1.084
2019,2,Jujuy,33,31,274,812,22,4451,87,1.0,27.0,940.0,26.233,8.441,26.7,27.0,2.6,21.765,1.207
2019,2,La Pampa,19,52,5,11,3,7708,90,268.0,236.0,3.289,75.406,5.191,1.366,1.445,629.0,2.661,549.0
2019,2,La Rioja,15,35,11,251,41,4870,50,18.0,9.0,11.0,39.819,4.297,4.857,13.0,1.298,,789.0
2019,2,Mendoza,149,54,7,13,2,4075,223,1.0,20.0,2.522,205.165,2.971,10.092,1.256,234.0,,603.0
2019,2,Misiones,55,64,543,421,12,3915,133,0.0,47.0,2.226,45.769,27.385,15.408,18.882,8.129,12.206,1.45
2019,2,Neuquén,43,59,5,13,3,6308,121,2.0,302.0,3.038,61.776,4.688,17.318,21.21,14.132,422.0,1.724
2019,2,Río Negro,68,37,4,10,20,6109,138,915.0,384.0,1.354,86.366,2.201,10.291,12.407,6.907,18.519,1.163
2019,2,Salta,69,62,725,1,9,4189,143,1.0,49.0,974.0,59.638,36.923,16.961,14.059,6.461,7.585,1.255
2019,2,San Juan,52,7,1,3,7,3560,69,564.0,22.0,213.0,60.913,2.177,785.0,7.0,4.0,6.119,612.0
2019,2,San Luis,11,10,347,57,38,8179,117,291.0,57.0,102.0,16.575,4.964,467.0,57.236,5.0,37.977,1.988
2019,2,Santa Cruz,11,10,379,7,3,2885,30,325.0,25.0,84.0,24.861,3.806,1.202,28.0,4.0,,601.0
2019,2,Santa Fe,325,355,18,22,23,6742,743,226.0,321.0,8.427,300.124,125.176,129.741,100.131,49.865,22.323,1.507
2019,2,Santiago Del Estero,24,65,219,3,35,5279,127,2.0,39.0,1.832,63.268,21.362,3.741,108.0,1.205,34.501,710.0
2019,2,Tierra Del Fuego,20,26,651,0,1,9480,47,544.0,6.0,123.0,41.824,4.241,1.573,96.0,32.0,,634.0
2019,2,Tucumán,153,12,116,684,321,4014,166,32.0,16.0,157.0,78.891,44.296,24.291,628.0,18.394,,1.853
2019,1,Buenos Aires,1,2,336,65,20,6624,4,10.0,162.513,72.296,1429.964,202.511,576.428,576.859,705.769,6.369,1.964
2019,1,Capital Federal,328,1,32,4,4,10920,1,3.0,74.0,7.417,283.787,131.007,330.122,365.713,283.463,0.0,2.472
2019,1,Catamarca,27,4,16,0,2,3219,34,9.0,34.0,1.708,18.761,6.443,5.606,29.0,7.0,2.151,796.0
2019,1,Chaco,53,44,2,4,1,3264,104,13.0,69.0,3.801,38.719,25.632,18.965,12.393,6.368,1.035,1.344
2019,1,Chubut,37,23,2,14,3,4300,78,2.0,66.0,3.938,71.077,6.571,787.0,74.0,165.0,0.0,589.0
2019,1,Córdoba,323,364,20,25,12,6552,744,105.0,81.0,20.403,242.769,96.997,200.681,127.965,50.716,6.806,1.573
2019,1,Corrientes,56,43,2,2,58,3513,102,10.0,10.0,6.47,38.402,26.562,15.498,9.688,5.029,0.0,1.205
2019,1,Entre Ríos,101,90,13,16,12,5679,232,44.0,18.0,9.217,107.013,50.068,28.957,18.146,7.619,12.142,1.066
2019,1,Formosa,23,8,940,14,62,2968,45,0.0,1.11,3.023,23.085,5.301,9.027,2.099,1.654,0.0,983.0
2019,1,Jujuy,33,12,153,640,44,4641,90,1.0,27.0,2.817,30.727,7.811,4.021,30.0,1.141,37.162,856.0
2019,1,La Pampa,19,57,3,9,1,7635,89,268.0,236.0,8.327,70.538,4.466,1.061,1.354,405.0,698.0,506.0
2019,1,La Rioja,16,35,12,252,41,5018,52,18.0,9.0,1.169,40.285,4.088,5.216,17.0,869.0,0.0,709.0
2019,1,Mendoza,149,40,6,10,2,3766,205,1.0,20.0,1.786,205.383,2.837,5.702,111.0,140.0,0.0,574.0
2019,1,Misiones,55,59,465,426,8,3626,123,0.0,47.0,5.946,45.266,25.89,19.111,16.552,5.167,7.654,1.251
2019,1,Neuquén,41,56,3,13,2,5888,112,2.0,1.328,3.055,52.36,1.781,21.452,17.135,11.026,6.105,1.588
2019,1,Río Negro,68,34,4,10,5,5357,120,915.0,384.0,1.583,84.845,2.037,13.615,9.567,5.076,3.719,1.049
2019,1,Salta,74,58,647,1,2,4010,136,1.0,49.0,4.232,59.244,36.473,22.91,10.861,2.242,1.0,1.038
2019,1,San Juan,52,6,808,3,1,3183,62,564.0,22.0,229.0,62.38,266.0,520.0,3.0,2.0,560.0,584.0
2019,1,San Luis,11,8,378,53,24,6734,96,291.0,57.0,120.0,21.38,53.214,345.0,6.0,2.0,23.577,871.0
2019,1,Santa Cruz,11,5,382,7,3,2367,25,325.0,25.0,128.0,21.99,2.731,702.0,26.0,4.0,0.0,578.0
2019,1,Santa Fe,340,340,16,23,18,6697,737,227.0,333.0,29.35,296.798,122.959,153.212,74.575,36.502,18.591,1.299
2019,1,Santiago Del Estero,25,62,23,3,99,3752,90,2.0,39.0,3.372,62.895,20.691,3.959,85.0,494.0,0.0,642.0
2019,1,Tierra Del Fuego,20,24,2,0,1,9338,46,544.0,6.0,131.0,38.851,3.623,641.0,80.0,29.0,0.0,634.0
2019,1,Tucumán,159,12,118,678,321,4163,172,32.0,16.0,5.188,82.24,42.877,26.21,847.0,14.839,0.0,1.657
2018,4,Buenos Aires,1,2,296,65,20,6460,4,10.0,134.673,73.761,1422.463,194.426,577.679,949.093,265.386,19.125,1.693
2018,4,Capital Federal,328,1,33,4,4,10827,1,3.0,74.0,7.388,283.281,143.309,330.496,437.662,186.81,0.0,2.294
2018,4,Catamarca,27,4,16,0,2,3223,34,9.0,34.0,1.669,17.955,6.425,5.461,29.0,7.0,2.003,804.0
2018,4,Chaco,53,44,2,3,1,3259,103,13.0,69.0,3.405,36.437,25.633,18.965,12.393,6.368,0.0,1.349
2018,4,Chubut,37,23,952,14,3,4261,77,2.0,66.0,3.917,66.061,6.215,531.0,623.0,165.0,1.144,609.0
2018,4,Córdoba,329,356,18,22,13,6509,737,105.0,81.0,24.102,228.475,97.277,201.639,128.053,48.809,8.903,1.581
2018,4,Corrientes,56,42,796,2,30,3457,101,10.0,10.0,6.438,37.376,26.562,15.498,9.688,5.029,0.0,1.214
2018,4,Entre Ríos,101,86,5,15,14,5437,222,44.0,18.0,8.769,94.78,50.027,29.002,18.146,7.612,13.693,1.102
2018,4,Formosa,23,8,887,14,57,2974,45,0.0,1.11,3.074,22.962,5.285,9.027,2.092,1.654,0.0,982.0
2018,4,Jujuy,33,12,153,640,44,4653,90,1.0,27.0,2.803,30.727,7.811,4.021,30.0,1.141,43.573,856.0
2018,4,La Pampa,19,55,3,8,1,7349,85,268.0,241.0,7.727,70.508,3.661,978.0,1.328,270.0,923.0,432.0
2018,4,La Rioja,16,35,12,252,36,5035,52,18.0,9.0,1.164,40.285,4.088,5.216,17.0,869.0,3.0,709.0
2018,4,Mendoza,149,40,6,10,2,3776,205,1.0,20.0,1.463,197.45,2.494,4.726,19.0,132.0,0.0,575.0
2018,4,Misiones,56,54,465,426,6,3445,116,0.0,47.0,5.981,43.267,26.019,19.226,16.566,5.167,0.0,1.25
2018,4,Neuquén,41,56,3,12,2,5907,112,2.0,1.328,3.044,52.313,1.781,21.452,17.135,11.025,6.287,1.589
2018,4,Río Negro,68,34,1,8,5,5186,116,915.0,384.0,1.225,83.412,643.0,13.44,9.569,5.07,3.094,1.049
2018,4,Salta,74,58,638,253,2,3980,135,1.0,49.0,3.659,58.492,36.365,22.91,10.861,2.242,0.0,1.046
2018,4,San Juan,52,6,806,3,1,3190,62,564.0,22.0,1.465,59.811,180.0,312.0,1.0,1.0,606.0,572.0
2018,4,San Luis,11,8,378,53,24,6755,96,291.0,57.0,109.0,19.164,53.183,119.0,62.0,2.0,23.635,882.0
2018,4,Santa Cruz,11,5,382,6,3,2369,24,325.0,25.0,115.0,23.107,779.0,206.0,1.0,4.0,531.0,512.0
2018,4,Santa Fe,336,323,14,19,29,6559,720,229.0,335.0,31.397,276.301,121.009,152.039,74.432,36.427,28.45,1.318
2018,4,Santiago Del Estero,25,61,23,3,81,3740,89,2.0,39.0,3.25,61.347,20.127,3.686,77.0,483.0,326.0,631.0
2018,4,Tierra Del Fuego,20,23,2,0,1,9359,46,544.0,6.0,27.0,29.919,6.323,9.894,24.0,67.0,0.0,744.0
2018,4,Tucumán,159,12,119,686,314,4176,172,32.0,16.0,5.244,82.089,42.766,26.111,847.0,14.839,92.0,1.658
2018,3,Buenos Aires,1,2,156,62,26,6444,4,11.0,991.0,80.459,1445.733,190.805,636.09,897.964,237.248,120.464,1.678
2018,3,Capital Federal,334,1,36,4,9,10845,1,7.0,73.0,8.493,287.919,147.253,370.677,415.02,165.055,0.0,2.164
2018,3,Catamarca,28,4,15,1,2,3292,34,11.0,34.0,1.994,18.475,6.358,5.32,34.0,7.0,2.151,781.0
2018,3,Chaco,54,42,2,3,1,3228,102,12.0,70.0,3.503,38.729,24.916,20.335,11.085,5.667,1.035,1.289
2018,3,Chubut,59,23,1,14,7,5639,101,2.0,67.0,3.951,91.096,6.162,531.0,623.0,164.0,0.0,608.0
2018,3,Córdoba,338,342,16,19,11,6424,726,94.0,81.0,24.767,224.471,96.372,221.984,109.333,39.854,6.49,1.482
2018,3,Corrientes,56,41,212,1,32,3425,99,11.0,11.0,6.754,38.364,24.953,16.601,8.357,4.419,0.0,1.149
2018,3,Entre Ríos,103,84,2,15,80,5022,205,48.0,18.0,9.048,96.095,45.651,31.353,15.111,6.786,0.0,1.052
2018,3,Formosa,23,8,817,14,57,2958,45,0.0,1.11,3.365,22.624,5.259,9.336,1.729,1.434,0.0,932.0
2018,3,Jujuy,33,11,32,641,43,2326,45,1.0,345.0,3.02,29.048,7.756,4.066,39.0,623.0,0.0,767.0
2018,3,La Pampa,12,55,8,7,987,7175,83,244.0,242.0,8.417,68.507,3.153,920.0,1.189,216.0,698.0,428.0
2018,3,La Rioja,17,35,13,253,35,5073,52,17.0,9.0,1.291,40.647,4.138,5.425,20.0,339.0,0.0,616.0
2018,3,Mendoza,151,40,6,8,2,3799,206,1.0,20.0,1.525,199.297,2.476,4.727,27.0,129.0,0.0,579.0
2018,3,Misiones,56,51,512,391,56,3210,108,0.0,48.0,5.749,39.617,24.747,21.212,14.674,4.547,0.0,1.249
2018,3,Neuquén,47,54,998,12,3,6049,115,2.0,1.396,2.244,55.822,1.647,23.785,15.218,9.718,6.105,1.467
2018,3,Río Negro,69,33,1,5,5,5054,112,1.0,409.0,5.221,75.929,512.0,14.912,8.47,4.332,3.719,1.006
2018,3,Salta,77,54,678,234,1,3943,133,1.0,116.0,3.721,61.795,32.782,25.582,9.224,502.0,0.0,927.0
2018,3,San Juan,54,6,826,3,1,3305,64,658.0,22.0,1.326,62.525,180.0,312.0,3.0,1.0,0.0,574.0
2018,3,San Luis,11,8,368,53,2,5235,74,300.0,57.0,109.0,19.17,52.94,119.0,63.0,2.0,1.902,881.0
2018,3,Santa Cruz,19,5,585,6,4,3273,34,434.0,26.0,116.0,32.815,778.0,206.0,1.0,3.0,0.0,537.0
2018,3,Santa Fe,339,313,12,16,15,6341,695,217.0,467.0,36.786,269.211,115.907,162.545,62.479,31.266,13.911,1.236
2018,3,Santiago Del Estero,26,59,23,2,81,3625,86,2.0,41.0,2.55,60.26,19.116,3.806,64.0,265.0,0.0,578.0
2018,3,Tierra Del Fuego,19,23,2,1,2,9277,45,508.0,6.0,187.0,41.569,2.27,231.0,24.0,13.0,0.0,599.0
2018,3,Tucumán,161,9,110,252,315,4168,171,31.0,16.0,5.993,81.559,43.282,27.062,941.0,12.187,0.0,1.526
2018,2,Buenos Aires,1,2,144,71,28,6278,3,11.0,1.009,81.354,1459.443,295.457,816.056,536.049,199.589,113.357,1.468
2018,2,Capital Federal,342,978,36,4,9,10653,1,7.0,73.0,9.234,290.291,219.166,445.345,264.805,142.253,0.0,1.894
2018,2,Catamarca,27,4,15,1,2,3286,34,11.0,34.0,2.414,14.624,6.112,4.347,36.0,6.0,6.5,769.0
2018,2,Chaco,54,41,562,2,1,3125,99,12.0,70.0,2.968,34.167,24.282,21.887,9.251,4.63,1.035,1.25
2018,2,Chubut,59,20,1,14,7,5490,98,2.0,67.0,4.471,85.598,5.369,4.0,5.0,9.0,5.01,533.0
2018,2,Córdoba,345,328,14,16,10,6327,713,94.0,81.0,21.779,219.63,102.596,244.291,78.852,34.95,8.11,1.388
2018,2,Corrientes,57,40,201,1,32,3381,98,11.0,11.0,7.047,38.268,24.066,17.926,6.78,3.862,0.0,1.088
2018,2,Entre Ríos,105,80,2,12,80,4920,200,48.0,18.0,8.179,94.459,44.57,34.281,12.012,5.92,0.0,1.019
2018,2,Formosa,24,7,18,14,57,2943,45,,1.11,3.568,22.409,5.176,9.727,1.313,1.243,0.0,897.0
2018,2,Jujuy,34,11,23,640,43,2343,45,1.0,345.0,3.32,29.319,8.083,3.977,44.0,7.0,0.0,629.0
2018,2,La Pampa,12,54,8,7,987,7104,82,244.0,244.0,8.797,68.083,2.409,965.0,969.0,179.0,698.0,410.0
2018,2,La Rioja,17,35,13,253,35,5098,52,17.0,9.0,1.384,40.679,4.198,5.64,20.0,15.0,0.0,559.0
2018,2,Mendoza,153,37,3,6,2,3697,199,1.0,20.0,1.658,164.596,515.0,266.0,17.0,72.0,33.788,588.0
2018,2,Misiones,57,48,512,391,56,3163,106,,48.0,6.092,39.489,23.569,23.747,11.888,3.866,0.0,1.176
2018,2,Neuquén,47,53,998,13,3,6024,114,2.0,1.396,2.408,56.035,1.314,26.417,12.442,8.551,6.105,1.337
2018,2,Río Negro,69,33,1,4,5,5015,111,1.0,409.0,5.298,75.056,523.0,16.48,6.663,3.725,3.975,951.0
2018,2,Salta,78,53,678,234,1,3994,134,1.0,116.0,3.99,61.763,33.285,28.431,7.239,182.0,0.0,893.0
2018,2,San Juan,54,5,826,3,1,3295,63,658.0,22.0,1.378,57.591,11.0,0.0,3.0,0.0,5.068,585.0
2018,2,San Luis,11,8,368,16,2,1515,21,300.0,57.0,101.0,11.992,11.0,0.0,7.0,2.0,9.284,590.0
2018,2,Santa Cruz,19,4,585,7,4,3333,34,435.0,26.0,120.0,28.6,655.0,100.0,1.0,3.0,4.267,519.0
2018,2,Santa Fe,338,304,11,16,15,6257,684,309.0,744.0,34.267,262.603,112.143,175.54,50.525,26.512,22.257,1.175
2018,2,Santiago Del Estero,26,56,23,2,81,3526,84,2.0,41.0,2.717,41.362,18.721,3.278,31.0,31.0,17.589,591.0
2018,2,Tierra Del Fuego,19,23,531,1,2,9161,44,508.0,6.0,188.0,40.912,2.217,75.0,0.0,0.0,107.0,594.0
2018,2,Tucumán,160,9,110,252,315,4151,170,31.0,16.0,6.735,79.899,44.968,27.059,1.084,8.784,1.305,1.351
2018,1,Buenos Aires,1,2,134,64,31,6263,3,11.0,1.514,74.766,1445.752,292.732,886.678,480.237,184.203,105.818,1.42
2018,1,Capital Federal,350,968,36,3,9,10624,1,7.0,89.0,10.039,292.566,222.737,487.826,227.953,127.384,0.0,1.775
2018,1,Catamarca,27,4,15,1,2,3279,34,11.0,34.0,2.896,14.77,6.145,3.539,41.0,4.0,6.5,820.0
2018,1,Chaco,55,40,383,388,1,3083,97,12.0,70.0,3.261,32.516,24.488,23.296,8.219,3.897,1.035,1.244
2018,1,Chubut,56,20,1,14,7,5372,96,2.0,67.0,4.314,83.161,5.358,4.0,5.0,9.0,5.01,542.0
2018,1,Córdoba,349,327,13,13,11,6352,714,101.0,281.0,23.922,222.815,104.3,266.259,57.137,29.228,10.049,1.279
2018,1,Corrientes,57,35,888,1,33,3266,94,11.0,11.0,5.005,37.152,24.038,19.068,5.89,3.256,0.0,1.112
2018,1,Entre Ríos,107,76,4,11,80,4868,197,48.0,18.0,8.861,90.08,45.599,37.401,9.818,5.071,0.0,988.0
2018,1,Formosa,24,7,17,2,57,2140,32,0.0,1.11,3.803,10.092,5.117,10.061,1.091,1.046,0.0,1.106
2018,1,Jujuy,34,10,23,28,43,2312,44,1.0,345.0,4.807,27.219,8.044,3.925,49.0,4.0,0.0,674.0
2018,1,La Pampa,11,51,8,11,2,7175,83,396.0,245.0,8.119,67.104,1.616,1.076,614.0,98.0,3.503,400.0
2018,1,La Rioja,17,35,13,253,35,5144,52,17.0,9.0,1.485,40.68,4.217,5.831,19.0,1.0,0.0,589.0
2018,1,Mendoza,153,37,3,6,2,3707,199,1.0,20.0,1.662,164.599,501.0,266.0,19.0,72.0,33.788,588.0
2018,1,Misiones,56,47,328,5,56,3096,104,0.0,48.0,4.7,35.82,23.291,26.223,10.241,3.219,0.0,1.208
2018,1,Neuquén,47,55,1,12,3,6152,116,2.0,1.396,2.367,59.468,1.311,29.012,9.709,7.378,6.105,1.196
2018,1,Río Negro,69,32,1,4,5,4982,110,1.0,409.0,5.333,74.894,530.0,17.997,4.972,3.129,3.975,898.0
2018,1,Salta,80,52,118,204,1,3978,133,1.0,116.0,4.459,60.334,33.088,30.771,5.145,88.0,0.0,919.0
2018,1,San Juan,54,5,826,2,1,3261,63,658.0,22.0,1.058,57.078,11.0,0.0,3.0,0.0,5.068,585.0
2018,1,San Luis,11,8,368,16,2,1515,21,300.0,57.0,101.0,11.92,11.0,0.0,7.0,2.0,9.284,589.0
2018,1,Santa Cruz,19,4,2,7,3,3355,34,435.0,26.0,120.0,28.6,655.0,100.0,1.0,3.0,4.267,519.0
2018,1,Santa Fe,342,300,11,12,15,6228,680,309.0,1.359,33.639,262.008,108.576,188.9,39.589,22.801,23.181,1.117
2018,1,Santiago Del Estero,27,55,23,1,81,3499,83,2.0,41.0,2.91,41.298,18.914,3.449,33.0,2.0,17.589,625.0
2018,1,Tierra Del Fuego,19,10,531,1,2,6520,31,508.0,6.0,307.0,33.987,2.0,0.0,0.0,0.0,107.0,577.0
2018,1,Tucumán,159,9,107,368,50,4118,168,31.0,16.0,7.472,78.811,45.675,26.405,1.218,7.082,1.305,936.0
2017,4,Buenos Aires,1,2,131,60,31,5761,3,11.0,3.865,55.046,1551.194,264.645,712.513,335.14,151.747,114.182,1.297
2017,4,Capital Federal,571,962,36,3,10,12290,2,7.0,314.0,31.411,517.018,284.04,458.12,178.396,114.939,0.0,1.52
2017,4,Catamarca,27,263,11,1,2,2862,30,10.0,34.0,3.182,15.315,5.904,2.927,43.0,2.0,2.151,778.0
2017,4,Chaco,55,40,389,380,1,3081,97,12.0,70.0,3.432,37.144,24.088,20.123,7.29,3.289,1.035,1.17
2017,4,Chubut,56,15,1,14,7,5146,91,2.0,67.0,4.313,83.676,5.355,7.0,5.0,9.0,0.0,541.0
2017,4,Córdoba,350,325,13,12,11,6333,710,105.0,291.0,25.411,280.837,102.892,217.602,40.898,24.251,8.429,1.164
2017,4,Corrientes,57,35,894,1,35,3252,94,11.0,11.0,5.22,41.08,23.686,16.046,5.053,2.675,0.0,1.038
2017,4,Entre Ríos,108,74,2,10,86,4789,194,49.0,1.685,9.078,95.466,45.189,30.01,7.958,4.113,0.0,930.0
2017,4,Formosa,23,7,19,2,51,2127,32,0.0,1.11,4.061,13.22,4.867,6.996,977.0,824.0,0.0,1.011
2017,4,Jujuy,34,10,20,28,34,2274,44,1.0,345.0,5.364,26.566,7.721,3.507,44.0,3.0,0.0,664.0
2017,4,La Pampa,11,50,8,11,2,7105,82,396.0,310.0,8.729,66.053,1.227,792.0,391.0,81.0,3.503,398.0
2017,4,La Rioja,17,35,14,253,31,5157,52,17.0,9.0,1.488,40.777,4.083,5.813,22.0,3.0,0.0,588.0
2017,4,Mendoza,153,16,3,6,2,3333,179,1.0,26.0,1.656,177.646,438.0,278.0,29.0,81.0,0.0,571.0
2017,4,Misiones,56,47,95,5,54,3114,104,0.0,1.053,3.9,41.723,23.131,22.262,9.091,2.735,0.0,1.132
2017,4,Neuquén,47,54,1,12,3,6124,115,2.0,1.396,2.372,68.036,1.325,22.781,7.528,6.3,6.105,1.072
2017,4,Río Negro,69,30,1,4,5,4938,109,1.0,409.0,5.598,81.078,485.0,12.502,3.447,2.44,3.719,805.0
2017,4,Salta,81,50,127,158,1,3980,133,1.0,636.0,4.275,73.284,32.842,18.968,3.559,84.0,0.0,845.0
2017,4,San Juan,54,451,812,2,1,3030,58,659.0,22.0,1.062,57.525,9.0,0.0,2.0,2.0,0.0,583.0
2017,4,San Luis,11,1,335,17,2,1059,15,300.0,59.0,101.0,12.822,8.0,0.0,1.0,7.0,1.902,573.0
2017,4,Santa Cruz,19,2,582,5,4,2891,29,434.0,68.0,78.0,29.073,655.0,100.0,1.0,3.0,0.0,521.0
2017,4,Santa Fe,342,294,11,11,15,6171,672,323.0,3.109,34.132,309.998,108.939,151.329,30.736,19.602,14.119,1.03
2017,4,Santiago Del Estero,27,40,19,1,80,2913,69,2.0,41.0,3.091,43.544,18.773,3.359,32.0,2.0,0.0,617.0
2017,4,Tierra Del Fuego,19,7,530,1,2,5989,28,508.0,6.0,310.0,31.334,2.0,0.0,0.0,0.0,0.0,520.0
2017,4,Tucumán,157,5,105,102,319,3990,162,34.0,105.0,8.164,78.75,45.241,24.318,1.303,4.367,0.0,911.0
2017,3,Buenos Aires,1,2,125,35,39,5563,3,11.0,6.577,51.411,1733.479,311.652,676.137,140.812,108.4,0.0,843.0
2017,3,Capital Federal,583,941,33,3,10,12186,2,7.0,283.0,33.924,590.689,311.411,426.3,120.675,91.917,0.0,1.064
2017,3,Catamarca,27,4,12,1,2,3249,33,11.0,52.0,3.204,15.383,5.758,2.563,50.0,1.0,0.0,526.0
2017,3,Chaco,55,37,456,36,1,2998,94,12.0,95.0,3.496,40.059,23.008,20.307,3.827,2.004,0.0,848.0
2017,3,Chubut,56,6,1,14,7,4622,81,2.0,436.0,3.989,71.843,2.336,3.0,0.0,0.0,0.0,348.0
2017,3,Córdoba,345,319,11,7,15,6231,697,108.0,327.0,26.154,309.161,100.113,189.302,38.131,16.741,0.0,912.0
2017,3,Corrientes,56,34,947,1,27,3217,93,12.0,24.0,5.629,44.305,22.785,15.576,2.635,1.607,0.0,745.0
2017,3,Entre Ríos,108,70,2,6,63,4596,185,50.0,1.691,7.545,98.032,42.947,29.011,3.878,2.397,0.0,699.0
2017,3,Formosa,23,7,428,2,12,2135,32,0.0,1.063,3.716,13.752,5.187,6.056,899.0,459.0,0.0,707.0
2017,3,Jujuy,34,9,20,23,8,2265,43,1.0,337.0,5.723,26.835,7.369,2.962,41.0,2.0,0.0,469.0
2017,3,La Pampa,11,50,5,12,2,6914,79,410.0,343.0,8.244,64.794,855.0,588.0,327.0,51.0,0.0,344.0
2017,3,La Rioja,17,35,14,252,25,5147,52,17.0,16.0,1.497,40.882,3.899,5.604,23.0,3.0,0.0,501.0
2017,3,Mendoza,154,34,3,29,2,3570,191,2.0,32.0,95.0,158.461,115.0,67.0,29.0,19.0,0.0,351.0
2017,3,Misiones,56,44,110,5,9,3021,100,0.0,1.058,4.123,42.9,22.808,23.913,3.843,1.881,0.0,843.0
2017,3,Neuquén,48,52,1,12,3,6083,114,2.0,2.036,1.457,72.532,1.034,20.213,7.067,4.937,0.0,817.0
2017,3,Río Negro,69,30,1,3,4,4852,106,1.0,422.0,5.641,83.9,306.0,10.116,2.965,1.659,0.0,549.0
2017,3,Salta,81,50,127,158,1,3984,133,1.0,645.0,4.494,78.83,32.433,14.62,2.315,63.0,0.0,613.0
2017,3,San Juan,54,5,816,1,1,3237,62,660.0,31.0,1.077,57.582,1.0,0.0,2.0,2.0,0.0,345.0
2017,3,San Luis,11,8,347,26,2,1548,21,311.0,63.0,3.0,12.325,7.0,0.0,1.0,7.0,0.0,350.0
2017,3,Santa Cruz,19,5,2,5,3,3329,33,468.0,188.0,23.0,29.102,542.0,66.0,33.0,1.0,0.0,361.0
2017,3,Santa Fe,323,291,6,5,37,6091,662,256.0,3.116,34.019,320.017,104.453,125.339,24.536,12.982,0.0,779.0
2017,3,Santiago Del Estero,28,54,19,911,35,3512,83,2.0,69.0,3.288,40.435,18.489,3.047,30.0,2.0,0.0,518.0
2017,3,Tierra Del Fuego,22,7,622,1,2,6574,31,583.0,9.0,297.0,33.858,0.0,0.0,0.0,0.0,0.0,348.0
2017,3,Tucumán,154,6,106,40,305,3970,161,33.0,109.0,8.948,83.07,45.302,20.514,1.361,655.0,0.0,639.0
2017,2,Buenos Aires,1,2,119,22,24,5627,3,11.0,7.548,47.472,1910.156,299.009,573.298,93.059,46.178,0.0,720.0
2017,2,Capital Federal,615,932,39,3,11,12406,2,8.0,556.0,35.663,726.223,304.97,378.571,80.234,37.977,0.0,884.0
2017,2,Catamarca,26,255,14,1,34,2598,27,13.0,15.0,3.318,15.655,5.325,2.342,47.0,1.0,0.0,510.0
2017,2,Chaco,54,36,458,52,39,2905,91,14.0,191.0,3.733,42.59,22.349,18.044,3.157,545.0,0.0,769.0
2017,2,Chubut,44,1,916,13,5,3555,62,2.0,403.0,4.186,73.76,1.88,0.0,0.0,0.0,0.0,345.0
2017,2,Córdoba,342,303,4,6,2,5897,658,133.0,251.0,26.862,370.865,88.479,146.683,20.351,5.069,0.0,742.0
2017,2,Corrientes,55,33,258,1,31,3139,90,12.0,15.0,5.912,46.483,21.776,13.043,2.218,647.0,0.0,679.0
2017,2,Entre Ríos,108,68,254,6,71,4539,183,57.0,1.68,7.944,104.422,41.8,23.524,2.604,823.0,0.0,629.0
2017,2,Formosa,22,6,17,1,13,1997,30,0.0,1.486,3.419,14.787,4.795,4.583,749.0,139.0,0.0,618.0
2017,2,Jujuy,34,9,22,0,35,2240,43,1.0,311.0,5.877,26.915,6.974,2.538,42.0,1.0,0.0,454.0
2017,2,La Pampa,13,48,5,6,511,6349,73,449.0,356.0,8.633,59.045,558.0,336.0,244.0,21.0,0.0,332.0
2017,2,La Rioja,16,0,15,2,28,1620,16,18.0,9.0,1.554,9.304,3.599,1.796,24.0,2.0,0.0,553.0
2017,2,Mendoza,153,13,3,27,2,3176,169,1.0,109.0,24.0,177.203,92.0,50.0,5.0,22.0,0.0,351.0
2017,2,Misiones,57,43,103,5,9,3009,100,0.0,1.011,4.447,47.244,22.033,21.599,2.892,570.0,0.0,760.0
2017,2,Neuquén,52,50,1,12,3,6191,115,2.0,1.542,1.395,81.272,849.0,18.051,4.774,1.703,0.0,670.0
2017,2,Río Negro,67,29,961,3,1,4602,101,998.0,973.0,5.606,88.085,245.0,7.99,1.921,559.0,0.0,474.0
2017,2,Salta,80,27,115,158,804,3274,109,1.0,594.0,4.719,67.576,23.185,11.333,1.068,76.0,0.0,576.0
2017,2,San Juan,49,451,772,1,915,2696,51,620.0,15.0,193.0,58.588,0.0,0.0,0.0,4.0,0.0,349.0
2017,2,San Luis,11,1,354,26,375,951,13,315.0,8.0,4.0,14.014,0.0,0.0,1.0,2.0,0.0,350.0
2017,2,Santa Cruz,15,3,1,5,2,2625,26,369.0,188.0,24.0,30.913,541.0,66.0,33.0,0.0,0.0,360.0
2017,2,Santa Fe,330,228,3,5,1,5227,567,362.0,4.967,38.721,311.83,92.854,97.563,16.794,4.275,0.0,684.0
2017,2,Santiago Del Estero,28,4,19,911,29,1412,33,2.0,26.0,3.539,20.384,6.432,2.802,16.0,0.0,0.0,506.0
2017,2,Tierra Del Fuego,23,7,665,1,2,6846,32,619.0,16.0,285.0,35.409,0.0,0.0,0.0,0.0,0.0,348.0
2017,2,Tucumán,149,5,116,14,45,3819,154,37.0,96.0,9.236,83.342,42.536,17.788,1.371,21.0,0.0,609.0
2017,1,Buenos Aires,2,1,119,21,24,5857,3,11.0,6.017,83.918,2057.698,402.315,523.54,90.937,22.299,0.0,668.0
2017,1,Capital Federal,429,918,38,3,11,10837,1,8.0,510.0,1.409,678.922,218.487,277.195,66.536,19.881,0.0,835.0
2017,1,Catamarca,26,248,14,1,34,2566,26,13.0,15.0,3.328,15.861,4.901,2.161,49.0,0.0,0.0,497.0
2017,1,Chaco,54,34,252,52,39,2862,89,14.0,191.0,3.835,44.544,21.467,15.671,3.025,314.0,0.0,731.0
2017,1,Chubut,44,999,916,13,5,3566,62,2.0,401.0,4.182,73.759,1.808,0.0,0.0,0.0,0.0,344.0
2017,1,Córdoba,336,293,5,6,1,5765,641,133.0,50.0,28.732,391.556,82.011,118.643,19.035,2.071,0.0,680.0
2017,1,Corrientes,55,32,236,1,31,3094,89,12.0,15.0,6.04,48.149,20.586,11.468,2.044,303.0,0.0,643.0
2017,1,Entre Ríos,109,65,230,6,71,4491,180,57.0,1.68,8.08,108.379,39.146,20.562,2.254,317.0,0.0,595.0
2017,1,Formosa,22,6,16,1,13,1984,30,0.0,1.535,3.538,15.473,4.446,4.058,635.0,22.0,0.0,574.0
2017,1,Jujuy,34,9,22,0,34,2276,43,1.0,330.0,6.213,27.824,6.486,2.306,44.0,0.0,0.0,439.0
2017,1,La Pampa,13,47,5,6,517,6267,71,455.0,362.0,9.279,57.739,331.0,192.0,165.0,11.0,0.0,322.0
2017,1,La Rioja,16,0,15,2,28,1620,16,18.0,9.0,1.578,9.486,3.409,1.718,22.0,2.0,0.0,543.0
2017,1,Mendoza,153,13,3,27,2,3184,169,1.0,106.0,15.0,177.201,86.0,50.0,5.0,22.0,0.0,351.0
2017,1,Misiones,57,40,101,5,8,2952,98,0.0,1.01,4.665,45.95,23.847,19.356,2.627,166.0,0.0,734.0
2017,1,Neuquén,52,48,1,12,3,6102,113,2.0,1.547,1.418,83.813,902.0,15.13,4.223,458.0,0.0,603.0
2017,1,Río Negro,67,29,954,3,1,4603,100,1.0,986.0,5.647,89.622,246.0,6.738,1.594,200.0,0.0,445.0
2017,1,Salta,80,27,114,158,679,3258,108,1.0,579.0,4.861,70.922,21.554,9.386,267.0,74.0,0.0,534.0
2017,1,San Juan,49,451,772,1,907,2704,51,620.0,8.0,192.0,58.588,0.0,0.0,0.0,4.0,0.0,349.0
2017,1,San Luis,11,1,354,26,375,955,13,315.0,8.0,4.0,14.014,0.0,0.0,1.0,2.0,0.0,350.0
2017,1,Santa Cruz,16,3,1,5,2,2652,26,370.0,190.0,23.0,31.078,474.0,68.0,30.0,0.0,0.0,359.0
2017,1,Santa Fe,327,226,3,5,1,5197,563,362.0,4.966,39.463,340.418,77.152,83.008,15.775,1.831,0.0,628.0
2017,1,Santiago Del Estero,30,4,19,911,29,1470,34,2.0,26.0,3.772,21.659,6.218,2.786,17.0,0.0,0.0,495.0
2017,1,Tierra Del Fuego,23,7,665,1,2,6892,32,619.0,16.0,285.0,35.409,0.0,0.0,0.0,0.0,0.0,348.0
2017,1,Tucumán,147,5,116,14,45,3790,153,37.0,96.0,9.682,86.47,39.155,15.951,1.383,13.0,0.0,588.0
2016,4,Buenos Aires,2,1,119,21,24,6124,3,11.0,6.055,86.281,2085.605,403.575,467.398,72.348,17.279,0.0,635.0
2016,4,Capital Federal,435,915,38,3,11,12063,1,8.0,517.0,1.477,704.324,225.723,264.582,53.506,16.756,0.0,796.0
2016,4,Catamarca,27,250,14,1,34,2654,27,13.0,15.0,3.478,16.519,4.889,2.077,54.0,0.0,0.0,489.0
2016,4,Chaco,55,34,248,52,39,2879,89,14.0,191.0,3.983,45.634,21.323,14.887,2.586,250.0,0.0,708.0
2016,4,Chubut,44,955,916,13,5,3607,62,2.0,401.0,4.493,73.951,1.352,0.0,0.0,0.0,0.0,341.0
2016,4,Córdoba,337,289,3,6,789,5770,636,133.0,50.0,29.38,404.645,77.966,108.368,15.458,1.606,0.0,647.0
2016,4,Corrientes,55,31,233,1,31,3098,88,12.0,15.0,6.109,48.995,20.187,10.908,1.645,234.0,0.0,624.0
2016,4,Entre Ríos,109,64,226,6,71,4521,180,57.0,1.68,8.253,110.296,38.491,19.509,1.801,280.0,0.0,581.0
2016,4,Formosa,22,6,16,1,13,1985,30,0.0,1.573,3.519,15.791,4.114,3.855,649.0,17.0,0.0,563.0
2016,4,Jujuy,34,9,22,0,34,2265,43,1.0,303.0,6.225,27.778,6.143,2.134,43.0,0.0,0.0,432.0
2016,4,La Pampa,13,47,5,6,522,6302,71,460.0,368.0,9.789,56.694,16.0,335.0,132.0,11.0,0.0,319.0
2016,4,La Rioja,16,0,16,2,28,1646,16,18.0,9.0,1.646,9.635,3.334,1.675,13.0,3.0,0.0,534.0
2016,4,Mendoza,153,13,3,27,2,3211,169,1.0,114.0,16.0,177.194,79.0,49.0,5.0,20.0,0.0,351.0
2016,4,Misiones,58,39,100,5,8,2972,97,0.0,1.01,4.783,47.454,23.433,18.371,2.215,126.0,0.0,711.0
2016,4,Neuquén,52,46,1,12,3,6087,112,2.0,1.539,1.406,84.859,792.0,14.153,3.073,271.0,0.0,568.0
2016,4,Río Negro,67,28,954,3,1,4639,100,1.0,998.0,2.953,92.967,248.0,6.317,1.174,122.0,0.0,437.0
2016,4,Salta,79,27,110,158,621,3269,107,1.0,577.0,5.027,71.636,20.787,8.611,239.0,70.0,0.0,522.0
2016,4,San Juan,49,451,772,1,907,2729,51,620.0,8.0,220.0,58.608,0.0,0.0,0.0,4.0,0.0,349.0
2016,4,San Luis,11,1,354,26,375,964,13,315.0,8.0,4.0,14.014,0.0,0.0,1.0,2.0,0.0,350.0
2016,4,Santa Cruz,16,3,1,5,2,2705,26,370.0,189.0,23.0,31.369,342.0,80.0,10.0,0.0,0.0,356.0
2016,4,Santa Fe,327,226,3,5,1,5219,561,362.0,4.966,40.102,349.722,74.401,77.667,13.155,1.529,0.0,604.0
2016,4,Santiago Del Estero,30,4,19,911,29,1507,35,2.0,26.0,3.925,22.246,6.178,2.664,15.0,0.0,0.0,487.0
2016,4,Tierra Del Fuego,23,7,665,1,2,7031,32,619.0,16.0,285.0,35.409,0.0,0.0,0.0,0.0,0.0,348.0
2016,4,Tucumán,147,4,116,14,45,3798,152,37.0,96.0,10.021,87.994,37.721,14.389,1.4,10.0,0.0,573.0
2016,3,Buenos Aires,2,1,113,19,24,6014,3,11.0,5.856,107.945,2148.475,393.53,399.116,52.9,13.318,0.0,591.0
2016,3,Capital Federal,448,905,37,3,11,12077,1,8.0,331.0,995.0,759.028,208.249,240.856,38.341,13.886,0.0,738.0
2016,3,Catamarca,27,248,14,1,18,2648,27,13.0,15.0,4.038,16.183,4.845,1.853,50.0,0.0,0.0,473.0
2016,3,Chaco,56,33,232,2,15,2891,89,14.0,190.0,5.227,46.821,21.193,13.746,2.022,217.0,0.0,672.0
2016,3,Chubut,44,935,916,13,5,3618,62,2.0,466.0,5.19,74.375,674.0,0.0,0.0,0.0,0.0,334.0
2016,3,Córdoba,348,285,3,6,395,5824,642,133.0,48.0,41.329,415.075,75.988,99.225,11.691,1.322,0.0,607.0
2016,3,Corrientes,56,31,217,1,22,3107,88,12.0,15.0,7.425,49.471,19.956,10.006,1.263,210.0,0.0,596.0
2016,3,Entre Ríos,113,62,206,6,64,4544,181,57.0,1.768,10.657,110.844,38.665,17.737,1.307,248.0,0.0,559.0
2016,3,Formosa,22,6,9,0,2,1864,28,0.0,1.723,4.277,15.581,3.964,3.658,648.0,10.0,0.0,542.0
2016,3,Jujuy,34,8,22,0,30,2261,43,1.0,286.0,6.878,27.425,5.943,1.978,31.0,0.0,0.0,422.0
2016,3,La Pampa,13,46,5,6,515,6173,70,461.0,374.0,10.187,55.792,15.0,224.0,114.0,11.0,0.0,314.0
2016,3,La Rioja,17,0,15,2,22,1707,17,18.0,9.0,2.349,9.686,3.316,1.562,11.0,2.0,0.0,508.0
2016,3,Mendoza,153,13,3,28,2,3209,169,1.0,37.0,10.0,178.186,73.0,48.0,5.0,17.0,0.0,351.0
2016,3,Misiones,60,38,79,5,7,2991,98,0.0,1.01,6.03,48.871,23.394,17.043,1.559,91.0,0.0,674.0
2016,3,Neuquén,52,45,1,12,3,6021,110,2.0,1.531,1.527,87.404,680.0,12.541,2.118,225.0,0.0,529.0
2016,3,Río Negro,67,28,942,3,1,4639,100,1.0,1.007,6.026,90.689,207.0,5.953,790.0,99.0,0.0,416.0
2016,3,Salta,81,26,90,157,565,3296,108,1.0,1.107,6.922,71.214,20.229,8.099,197.0,50.0,0.0,505.0
2016,3,San Juan,49,451,770,1,903,2732,51,620.0,8.0,245.0,58.577,0.0,0.0,0.0,2.0,0.0,349.0
2016,3,San Luis,11,1,354,23,371,963,13,315.0,7.0,4.0,14.077,0.0,0.0,1.0,2.0,0.0,350.0
2016,3,Santa Cruz,16,3,817,5,2,2684,26,371.0,189.0,22.0,31.904,221.0,52.0,9.0,0.0,0.0,354.0
2016,3,Santa Fe,335,223,3,5,1,5267,567,386.0,3.958,49.501,360.606,72.657,69.864,10.21,1.308,0.0,568.0
2016,3,Santiago Del Estero,32,4,19,3,8,1533,36,2.0,26.0,5.097,22.747,6.216,2.497,9.0,0.0,0.0,467.0
2016,3,Tierra Del Fuego,23,6,665,1,2,6894,31,619.0,16.0,285.0,35.08,0.0,0.0,0.0,0.0,0.0,348.0
2016,3,Tucumán,147,4,116,53,41,3790,151,37.0,127.0,12.247,87.97,36.518,13.15,1.288,4.0,0.0,554.0
2016,2,Buenos Aires,2,1,113,21,26,5934,3,13.0,10.786,133.385,2250.898,335.296,334.723,31.494,11.933,0.0,542.0
2016,2,Capital Federal,451,892,37,2,13,12004,1,10.0,4.352,1.736,859.039,146.091,213.01,19.597,13.477,0.0,658.0
2016,2,Catamarca,26,245,14,1,34,2607,27,13.0,15.0,5.736,14.742,4.567,1.496,47.0,1.0,0.0,436.0
2016,2,Chaco,56,32,221,52,41,2859,88,16.0,197.0,8.063,45.823,20.346,12.09,1.571,201.0,0.0,630.0
2016,2,Chubut,44,867,916,13,5,3612,62,2.0,572.0,5.421,73.078,775.0,0.0,0.0,0.0,0.0,334.0
2016,2,Córdoba,349,278,2,6,1,5755,635,234.0,258.0,57.05,437.547,71.98,82.618,8.355,1.242,0.0,552.0
2016,2,Corrientes,56,30,203,1,43,3058,87,24.0,41.0,10.018,47.916,19.2,8.851,803.0,191.0,0.0,560.0
2016,2,Entre Ríos,113,59,169,6,193,4474,178,179.0,4.734,16.368,115.0,36.917,15.522,849.0,205.0,0.0,513.0
2016,2,Formosa,22,6,6,1,14,1937,29,1.0,1.675,5.401,14.37,3.569,3.218,593.0,10.0,0.0,510.0
2016,2,Jujuy,34,7,22,0,35,2189,41,2.0,2.561,8.292,25.301,5.589,1.75,3.0,0.0,0.0,384.0
2016,2,La Pampa,13,45,5,6,547,6044,68,485.0,429.0,10.616,63.928,15.0,119.0,96.0,11.0,0.0,315.0
2016,2,La Rioja,17,0,15,2,28,1688,17,18.0,10.0,3.151,9.043,3.19,1.344,3.0,5.0,0.0,477.0
2016,2,Mendoza,153,13,3,29,2,3213,169,2.0,437.0,30.0,176.922,61.0,44.0,5.0,20.0,0.0,350.0
2016,2,Misiones,60,36,77,5,15,2924,96,7.0,1.973,7.899,49.586,21.385,14.82,1.073,96.0,0.0,623.0
2016,2,Neuquén,52,42,1,12,3,5910,108,2.0,1.916,1.691,88.854,583.0,10.241,1.285,208.0,0.0,487.0
2016,2,Río Negro,67,28,939,3,1,4624,100,1.0,1.189,6.107,92.158,194.0,4.877,520.0,86.0,0.0,398.0
2016,2,Salta,79,25,85,151,539,3208,105,3.0,2.16,10.123,70.875,18.759,7.129,140.0,49.0,0.0,475.0
2016,2,San Juan,49,451,770,1,908,2734,51,621.0,10.0,273.0,57.589,0.0,0.0,0.0,4.0,0.0,349.0
2016,2,San Luis,11,1,354,30,377,960,13,317.0,12.0,4.0,13.931,0.0,0.0,1.0,2.0,0.0,350.0
2016,2,Santa Cruz,15,3,396,5,3,2673,26,356.0,244.0,26.0,31.995,142.0,20.0,0.0,0.0,0.0,350.0
2016,2,Santa Fe,336,219,3,5,1,5244,564,607.0,9.486,67.325,374.96,68.505,60.469,6.509,1.277,0.0,514.0
2016,2,Santiago Del Estero,32,4,19,911,30,1589,37,3.0,704.0,6.705,22.208,5.943,2.108,1.0,0.0,0.0,431.0
2016,2,Tierra Del Fuego,23,6,665,1,2,6772,31,619.0,16.0,286.0,38.773,0.0,0.0,0.0,0.0,0.0,348.0
2016,2,Tucumán,145,3,116,58,49,3724,149,41.0,231.0,18.515,83.945,33.891,11.31,1.032,2.0,0.0,520.0
2016,1,Buenos Aires,2,1,111,21,26,5734,3,13.0,7.351,97.88,2214.76,289.929,247.372,8.315,9.529,0.0,499.0
2016,1,Capital Federal,454,832,36,2,13,11516,1,10.0,2.31,43.686,869.048,178.665,192.644,6.577,10.838,0.0,605.0
2016,1,Catamarca,26,243,15,1,34,2591,26,13.0,15.0,6.102,14.653,4.241,1.334,42.0,1.0,0.0,420.0
2016,1,Chaco,56,30,211,52,41,2808,87,16.0,194.0,8.755,46.304,19.388,10.587,1.238,184.0,0.0,599.0
2016,1,Chubut,44,834,916,13,5,3609,62,2.0,94.0,5.095,72.396,1.066,0.0,0.0,0.0,0.0,338.0
2016,1,Córdoba,351,252,674,6,386,5528,610,234.0,148.0,59.484,414.452,65.763,66.455,4.143,1.039,0.0,516.0
2016,1,Corrientes,55,28,192,1,45,3008,86,26.0,29.0,10.69,47.833,18.375,7.911,526.0,170.0,0.0,537.0
2016,1,Entre Ríos,113,55,146,6,193,4385,175,179.0,2.864,17.749,104.137,35.104,14.057,457.0,165.0,0.0,508.0
2016,1,Formosa,22,5,5,1,14,1904,28,1.0,1.738,5.731,14.163,3.229,2.906,544.0,5.0,0.0,487.0
2016,1,Jujuy,33,7,22,0,35,2141,40,2.0,2.543,8.558,22.383,5.188,1.623,0.0,0.0,0.0,377.0
2016,1,La Pampa,13,42,5,6,549,5784,65,487.0,426.0,11.065,52.117,15.0,78.0,71.0,11.0,0.0,305.0
2016,1,La Rioja,17,0,16,2,28,1683,17,18.0,10.0,3.382,9.06,2.98,1.254,2.0,3.0,0.0,462.0
2016,1,Mendoza,153,13,3,34,2,3212,169,2.0,235.0,21.0,175.376,47.0,43.0,5.0,17.0,0.0,350.0
2016,1,Misiones,60,33,70,5,15,2837,93,7.0,959.0,8.502,50.061,19.195,13.363,779.0,68.0,0.0,600.0
2016,1,Neuquén,52,36,1,13,3,5575,102,2.0,1.72,1.737,86.31,479.0,7.893,143.0,171.0,0.0,442.0
2016,1,Río Negro,67,27,937,3,1,4584,99,1.0,1.171,6.105,90.038,203.0,4.246,77.0,81.0,0.0,383.0
2016,1,Salta,79,23,73,132,507,3132,102,3.0,1.119,10.765,65.646,17.748,6.643,119.0,31.0,0.0,474.0
2016,1,San Juan,49,451,770,1,908,2733,51,621.0,9.0,309.0,56.447,0.0,0.0,0.0,2.0,0.0,349.0
2016,1,San Luis,11,1,354,27,377,959,13,317.0,8.0,4.0,13.645,0.0,0.0,1.0,2.0,0.0,350.0
2016,1,Santa Cruz,16,3,396,5,2,2687,26,356.0,168.0,29.0,32.188,8.0,0.0,0.0,0.0,0.0,348.0
2016,1,Santa Fe,338,205,3,5,1,5128,551,618.0,6.492,71.565,353.525,64.117,51.293,3.754,1.063,0.0,490.0
2016,1,Santiago Del Estero,33,4,19,911,30,1621,38,3.0,703.0,7.219,22.805,5.769,1.898,0.0,0.0,0.0,417.0
2016,1,Tierra Del Fuego,23,5,665,1,2,6583,30,619.0,16.0,285.0,33.003,0.0,0.0,0.0,0.0,0.0,348.0
2016,1,Tucumán,144,2,116,74,49,3672,147,41.0,106.0,20.092,84.008,31.49,10.046,871.0,0.0,0.0,500.0
2015,4,Buenos Aires,2,1,103,20,26,5829,3,13.0,7.985,100.303,2253.197,274.56,240.188,3.835,8.18,0.0,488.0
2015,4,Capital Federal,455,880,20,2,13,11813,1,10.0,2.417,46.568,916.813,172.029,198.635,3.087,10.899,0.0,593.0
2015,4,Catamarca,26,242,15,1,34,2624,26,13.0,15.0,6.513,14.484,4.106,1.313,39.0,1.0,0.0,412.0
2015,4,Chaco,57,29,186,52,41,2835,87,16.0,194.0,9.593,46.771,18.608,10.092,1.136,159.0,0.0,583.0
2015,4,Chubut,44,811,916,14,5,3689,62,2.0,625.0,5.774,71.881,168.0,0.0,0.0,0.0,0.0,328.0
2015,4,Córdoba,354,266,480,6,385,5736,626,235.0,148.0,63.746,427.471,62.989,67.151,3.336,1.088,0.0,507.0
2015,4,Corrientes,56,28,177,1,45,3034,85,26.0,29.0,11.248,48.104,17.877,7.569,456.0,150.0,0.0,526.0
2015,4,Entre Ríos,114,53,122,6,194,4411,174,180.0,2.865,18.883,104.224,33.989,13.668,399.0,163.0,0.0,501.0
2015,4,Formosa,22,5,4,1,14,1907,28,1.0,1.791,6.081,14.279,2.704,2.713,519.0,4.0,0.0,466.0
2015,4,Jujuy,33,7,22,0,35,2147,40,2.0,2.551,8.876,21.867,5.044,1.587,0.0,0.0,0.0,372.0
2015,4,La Pampa,13,43,4,6,374,5876,66,312.0,592.0,12.951,48.798,16.0,63.0,49.0,10.0,0.0,294.0
2015,4,La Rioja,17,0,16,2,28,1732,17,18.0,10.0,3.638,9.127,2.937,1.215,2.0,3.0,0.0,452.0
2015,4,Mendoza,153,13,3,38,2,3249,169,2.0,241.0,23.0,174.719,38.0,41.0,5.0,13.0,0.0,350.0
2015,4,Misiones,60,33,48,5,15,2869,93,7.0,959.0,9.169,51.029,17.281,13.69,675.0,52.0,0.0,590.0
2015,4,Neuquén,52,39,1,13,3,5829,105,2.0,1.727,2.061,89.678,455.0,7.934,9.0,175.0,0.0,436.0
2015,4,Río Negro,67,27,915,3,1,4644,99,1.0,3.282,4.473,89.062,201.0,4.024,5.0,75.0,0.0,377.0
2015,4,Salta,79,22,47,129,554,3159,102,3.0,1.122,11.387,65.677,17.139,6.507,99.0,5.0,0.0,467.0
2015,4,San Juan,49,451,770,1,908,2766,51,621.0,9.0,386.0,55.761,0.0,0.0,0.0,2.0,0.0,348.0
2015,4,San Luis,11,1,354,30,377,971,13,317.0,8.0,4.0,13.473,0.0,0.0,1.0,2.0,0.0,350.0
2015,4,Santa Cruz,16,3,396,5,2,2774,26,356.0,188.0,26.0,32.338,3.0,0.0,0.0,0.0,0.0,348.0
2015,4,Santa Fe,340,213,3,5,1,5261,561,627.0,6.659,75.77,361.264,60.985,51.258,3.079,1.189,0.0,481.0
2015,4,Santiago Del Estero,34,4,19,1,30,1700,39,3.0,703.0,7.836,23.074,5.669,1.856,0.0,0.0,0.0,409.0
2015,4,Tierra Del Fuego,23,4,665,1,2,6646,29,619.0,16.0,285.0,32.662,0.0,0.0,0.0,0.0,0.0,347.0
2015,4,Tucumán,144,2,116,88,50,3706,146,42.0,107.0,21.8,83.887,29.942,9.507,837.0,0.0,0.0,488.0
2015,3,Buenos Aires,2,1,114,20,26,5769,3,13.0,8.361,107.351,2266.948,262.564,200.491,2.642,7.72,0.0,470.0
2015,3,Capital Federal,455,871,31,2,13,11829,1,10.0,2.448,49.34,942.525,159.618,175.594,2.028,10.022,0.0,566.0
2015,3,Catamarca,26,242,15,1,34,2586,26,13.0,15.0,6.871,14.206,4.143,812.0,43.0,1.0,0.0,388.0
2015,3,Chaco,56,29,186,52,41,2796,85,16.0,240.0,10.353,47.131,19.016,7.498,979.0,157.0,0.0,547.0
2015,3,Chubut,44,792,916,13,5,3681,62,2.0,641.0,5.886,71.668,167.0,0.0,0.0,0.0,0.0,328.0
2015,3,Córdoba,352,264,1,5,389,5708,623,237.0,150.0,68.765,429.787,61.109,59.372,2.582,1.048,0.0,487.0
2015,3,Corrientes,56,28,176,1,47,3017,85,28.0,33.0,11.921,48.127,18.168,6.111,453.0,146.0,0.0,506.0
2015,3,Entre Ríos,114,52,122,6,197,4368,172,182.0,2.863,20.385,103.99,34.788,9.924,384.0,153.0,0.0,477.0
2015,3,Formosa,22,5,2,899,14,1884,28,1.0,1.862,6.521,14.354,2.791,1.842,379.0,2.0,0.0,417.0
2015,3,Jujuy,33,7,22,0,35,2127,40,2.0,2.549,9.278,21.588,5.169,966.0,0.0,0.0,0.0,353.0
2015,3,La Pampa,13,42,4,6,557,5796,65,495.0,613.0,13.087,47.66,9.0,55.0,39.0,10.0,0.0,291.0
2015,3,La Rioja,17,0,16,2,28,1715,17,18.0,10.0,3.84,9.102,2.984,832.0,0.0,3.0,0.0,425.0
2015,3,Mendoza,153,13,3,42,2,3249,169,2.0,256.0,25.0,173.43,45.0,18.0,5.0,13.0,0.0,350.0
2015,3,Misiones,60,32,46,5,15,2831,92,7.0,958.0,9.809,51.234,17.367,11.654,559.0,43.0,0.0,563.0
2015,3,Neuquén,47,37,1,13,3,5460,98,2.0,1.733,2.124,85.044,210.0,6.599,2.0,155.0,0.0,423.0
2015,3,Río Negro,67,27,917,3,1,4639,99,1.0,3.372,4.457,88.691,99.0,3.826,1.0,62.0,0.0,374.0
2015,3,Salta,78,22,47,129,645,3118,101,3.0,1.126,12.223,65.405,17.451,4.318,61.0,5.0,0.0,442.0
2015,3,San Juan,49,451,770,1,908,2767,51,621.0,9.0,391.0,54.963,0.0,0.0,0.0,2.0,0.0,348.0
2015,3,San Luis,11,1,354,31,377,971,13,317.0,9.0,4.0,13.286,0.0,0.0,1.0,2.0,0.0,350.0
2015,3,Santa Cruz,16,3,396,5,2,2761,26,359.0,190.0,25.0,32.266,2.0,0.0,0.0,0.0,0.0,348.0
2015,3,Santa Fe,337,210,4,4,1,5215,556,641.0,6.767,80.817,363.177,59.531,42.021,2.32,1.133,0.0,456.0
2015,3,Santiago Del Estero,34,4,19,1,30,1712,39,3.0,703.0,8.332,23.158,5.956,1.249,0.0,0.0,0.0,391.0
2015,3,Tierra Del Fuego,23,8,665,1,2,7486,33,619.0,15.0,285.0,36.408,2.0,0.0,0.0,0.0,0.0,348.0
2015,3,Tucumán,143,1,116,88,50,3661,144,42.0,107.0,23.687,83.654,29.998,6.232,623.0,0.0,0.0,457.0
2015,2,Buenos Aires,2,1,116,19,26,5680,3,13.0,8.714,137.189,2299.705,243.503,159.922,2.01,6.712,0.0,446.0
2015,2,Capital Federal,453,858,20,2,13,11607,1,10.0,2.493,51.799,990.112,148.569,142.976,1.482,9.258,0.0,531.0
2015,2,Catamarca,25,242,15,1,34,2545,26,13.0,15.0,7.253,14.003,3.776,593.0,37.0,1.0,0.0,368.0
2015,2,Chaco,56,28,179,52,41,2746,84,16.0,288.0,11.058,47.551,17.675,6.337,788.0,149.0,0.0,519.0
2015,2,Chubut,44,762,916,13,5,3658,62,2.0,656.0,6.032,55.791,168.0,0.0,0.0,0.0,0.0,322.0
2015,2,Córdoba,348,256,435,5,386,5587,610,236.0,156.0,72.695,434.717,54.993,46.415,1.956,903.0,0.0,456.0
2015,2,Corrientes,55,27,157,1,47,2958,83,28.0,34.0,12.542,48.015,17.184,5.039,379.0,126.0,0.0,485.0
2015,2,Entre Ríos,113,50,119,6,197,4293,169,183.0,2.864,21.986,104.043,32.293,7.867,354.0,136.0,0.0,455.0
2015,2,Formosa,21,5,2,737,50,1836,27,37.0,1.881,6.907,14.247,2.436,1.324,257.0,1.0,0.0,376.0
2015,2,Jujuy,32,5,22,0,35,2029,38,2.0,2.479,9.474,20.248,4.792,730.0,0.0,0.0,0.0,341.0
2015,2,La Pampa,13,41,4,6,562,5671,64,500.0,5.737,8.182,46.235,27.0,24.0,25.0,10.0,0.0,286.0
2015,2,La Rioja,16,0,16,2,28,1688,16,18.0,10.0,4.082,9.093,2.68,641.0,0.0,3.0,0.0,400.0
2015,2,Mendoza,153,13,3,38,2,3249,169,2.0,268.0,26.0,170.451,42.0,16.0,5.0,13.0,0.0,350.0
2015,2,Misiones,59,29,37,5,15,2735,89,7.0,958.0,10.36,51.671,15.022,10.072,408.0,33.0,0.0,533.0
2015,2,Neuquén,47,34,1,13,3,5312,96,2.0,1.755,2.348,82.727,214.0,5.168,2.0,110.0,0.0,406.0
2015,2,Río Negro,67,26,916,3,1,4598,98,1.0,3.413,4.525,87.362,97.0,3.24,1.0,51.0,0.0,367.0
2015,2,Salta,77,20,47,129,580,3046,98,3.0,1.123,13.02,64.737,16.241,3.114,29.0,5.0,0.0,422.0
2015,2,San Juan,49,451,770,1,908,2764,51,621.0,8.0,410.0,51.568,0.0,0.0,0.0,2.0,0.0,348.0
2015,2,San Luis,11,1,354,33,377,971,13,317.0,9.0,4.0,13.204,0.0,0.0,1.0,2.0,0.0,350.0
2015,2,Santa Cruz,15,3,396,5,2,2707,25,379.0,210.0,25.0,25.519,2.0,0.0,0.0,0.0,0.0,347.0
2015,2,Santa Fe,333,205,3,4,1,5118,546,649.0,6.827,86.016,364.441,53.205,33.894,1.856,1.014,0.0,430.0
2015,2,Santiago Del Estero,34,4,19,1,30,1711,39,3.0,703.0,8.779,23.456,5.553,888.0,0.0,0.0,0.0,373.0
2015,2,Tierra Del Fuego,23,8,665,1,2,7451,33,619.0,15.0,285.0,36.073,2.0,0.0,0.0,0.0,0.0,348.0
2015,2,Tucumán,140,479,116,88,50,3569,141,42.0,107.0,25.178,83.462,26.966,4.502,455.0,0.0,0.0,431.0
2015,1,Buenos Aires,2,1,134,19,29,5637,3,15.0,8.882,123.589,2267.852,220.07,126.958,1.561,5.7,0.0,432.0
2015,1,Capital Federal,455,842,19,2,15,11490,1,12.0,2.545,59.084,1013.51,134.151,114.569,1.195,8.401,0.0,500.0
2015,1,Catamarca,25,241,16,1,41,2511,25,20.0,13.0,7.634,13.754,3.202,517.0,9.0,1.0,0.0,348.0
2015,1,Chaco,55,26,164,27,56,2665,81,31.0,26.0,12.053,47.425,15.883,5.346,489.0,135.0,0.0,490.0
2015,1,Chubut,46,717,906,13,5,3761,63,2.0,651.0,6.176,57.333,102.0,0.0,0.0,0.0,0.0,321.0
2015,1,Córdoba,344,248,415,5,450,5470,597,294.0,157.0,78.427,432.802,46.574,37.443,1.615,815.0,0.0,430.0
2015,1,Corrientes,55,25,129,1,62,2895,81,43.0,36.0,13.295,47.842,15.554,4.424,235.0,98.0,0.0,463.0
2015,1,Entre Ríos,112,47,108,6,245,4207,166,231.0,2.867,23.951,104.168,28.113,6.926,274.0,119.0,0.0,435.0
2015,1,Formosa,21,5,1,670,56,1812,27,43.0,1.891,7.336,14.413,2.024,878.0,157.0,1.0,0.0,338.0
2015,1,Jujuy,32,5,22,0,36,1969,37,3.0,2.458,9.754,19.858,3.939,603.0,0.0,0.0,0.0,324.0
2015,1,La Pampa,13,40,3,6,604,5551,62,542.0,6.059,8.054,45.038,26.0,10.0,13.0,10.0,0.0,283.0
2015,1,La Rioja,16,0,16,2,33,1670,16,23.0,11.0,4.201,9.379,2.207,533.0,0.0,3.0,0.0,378.0
2015,1,Mendoza,152,13,3,29,2,3237,168,2.0,287.0,24.0,169.763,38.0,16.0,6.0,11.0,0.0,350.0
2015,1,Misiones,58,27,30,5,13,2631,85,7.0,958.0,11.136,51.906,12.387,8.543,194.0,26.0,0.0,497.0
2015,1,Neuquén,48,32,1,12,3,5195,93,2.0,1.895,2.577,80.787,170.0,4.067,2.0,76.0,0.0,391.0
2015,1,Río Negro,66,25,907,3,1,4533,96,1.0,3.371,4.913,86.173,94.0,2.632,2.0,42.0,0.0,359.0
2015,1,Salta,76,20,47,129,574,3001,97,18.0,1.123,14.151,64.992,13.955,2.569,15.0,5.0,0.0,402.0
2015,1,San Juan,48,451,755,1,1,2755,51,702.0,8.0,445.0,51.346,0.0,0.0,0.0,2.0,0.0,348.0
2015,1,San Luis,11,1,351,30,412,972,13,354.0,10.0,8.0,12.72,0.0,1.0,0.0,2.0,0.0,350.0
2015,1,Santa Cruz,16,3,392,5,3,2799,26,424.0,205.0,27.0,26.048,2.0,0.0,0.0,0.0,0.0,347.0
2015,1,Santa Fe,329,199,3,4,2,5024,536,797.0,6.883,93.096,360.964,45.27,27.597,1.542,900.0,0.0,406.0
2015,1,Santiago Del Estero,34,4,19,1,35,1706,39,8.0,701.0,9.236,23.136,4.796,748.0,0.0,0.0,0.0,357.0
2015,1,Tierra Del Fuego,22,8,657,1,3,7423,33,730.0,14.0,609.0,36.319,2.0,0.0,0.0,0.0,0.0,345.0
2015,1,Tucumán,138,115,116,88,100,3508,138,92.0,107.0,27.143,83.895,23.061,3.722,334.0,0.0,0.0,407.0
2014,4,Buenos Aires,2,1,121,18,32,5609,3,15.0,8.226,132.937,2250.445,203.62,104.322,997.0,5.406,0.0,420.0
2014,4,Capital Federal,456,840,17,2,15,11490,1,12.0,2.698,62.896,1038.269,123.451,95.772,890.0,7.997,0.0,478.0
2014,4,Catamarca,25,241,16,0,44,2551,25,21.0,21.0,8.047,14.093,2.91,421.0,0.0,1.0,0.0,334.0
2014,4,Chaco,55,11,31,0,62,2187,66,37.0,483.0,12.837,42.106,7.908,2.6,124.0,2.0,0.0,398.0
2014,4,Chubut,49,697,891,12,6,4025,67,2.0,1.858,6.218,60.392,70.0,0.0,0.0,0.0,0.0,317.0
2014,4,Córdoba,345,240,419,4,486,5470,590,319.0,1.903,85.362,427.844,41.947,30.858,1.177,782.0,0.0,409.0
2014,4,Corrientes,55,10,40,1,75,2356,66,54.0,40.0,13.86,42.182,7.513,2.106,0.0,9.0,0.0,381.0
2014,4,Entre Ríos,112,23,57,5,260,3603,141,246.0,2.311,27.801,88.649,18.318,3.584,1.0,66.0,0.0,380.0
2014,4,Formosa,21,5,1,0,65,1796,26,51.0,1.947,7.83,14.058,1.852,473.0,47.0,1.0,0.0,302.0
2014,4,Jujuy,31,5,22,37,11,1960,36,3.0,1.88,10.427,19.74,3.443,465.0,0.0,0.0,0.0,313.0
2014,4,La Pampa,16,34,514,6,648,5127,57,567.0,6.266,6.879,36.52,26.0,5.0,4.0,10.0,0.0,275.0
2014,4,La Rioja,16,0,17,0,33,1701,16,23.0,9.0,4.333,9.728,1.943,386.0,0.0,3.0,0.0,358.0
2014,4,Mendoza,152,13,3,31,2,3264,168,2.0,303.0,19.0,169.222,36.0,14.0,5.0,12.0,0.0,350.0
2014,4,Misiones,58,19,16,150,15,2416,77,7.0,547.0,11.84,53.093,8.731,2.952,54.0,12.0,0.0,403.0
2014,4,Neuquén,48,32,1,12,3,5255,93,2.0,1.731,2.744,80.938,126.0,3.621,2.0,66.0,0.0,385.0
2014,4,Río Negro,66,24,901,4,2,4548,95,1.0,3.64,4.723,85.094,94.0,2.319,4.0,30.0,0.0,354.0
2014,4,Salta,76,17,48,6,578,2953,94,26.0,54.0,16.214,63.221,12.552,1.922,0.0,4.0,0.0,386.0
2014,4,San Juan,49,451,740,1,1,2804,51,729.0,11.0,478.0,51.628,0.0,0.0,0.0,2.0,0.0,348.0
2014,4,San Luis,11,926,355,24,423,979,13,359.0,9.0,0.0,13.135,0.0,0.0,1.0,2.0,0.0,350.0
2014,4,Santa Cruz,18,448,388,4,3,2780,25,436.0,156.0,1.4,24.145,1.0,1.0,0.0,0.0,0.0,333.0
2014,4,Santa Fe,335,183,3,6,2,5000,528,938.0,8.707,99.962,359.293,36.718,21.098,869.0,824.0,0.0,378.0
2014,4,Santiago Del Estero,34,4,19,920,37,1727,39,9.0,1.246,8.913,24.181,4.359,602.0,0.0,0.0,0.0,346.0
2014,4,Tierra Del Fuego,22,4,655,1,3,6614,28,741.0,12.0,283.0,31.489,2.0,0.0,0.0,0.0,0.0,347.0
2014,4,Tucumán,137,97,116,13,105,3532,137,95.0,17.0,28.746,85.091,20.631,2.733,196.0,0.0,0.0,386.0
2014,3,Buenos Aires,2,1,124,20,32,5675,3,14.0,7.355,128.187,2281.524,156.693,68.947,243.0,4.232,0.0,397.0
2014,3,Capital Federal,450,833,18,2,14,11380,1,11.0,840.0,78.016,1060.145,102.17,70.907,95.0,6.626,0.0,444.0
2014,3,Catamarca,24,244,15,0,47,2471,25,21.0,19.0,8.845,13.79,1.915,111.0,0.0,0.0,0.0,292.0
2014,3,Chaco,53,10,29,1,59,2111,64,36.0,398.0,14.731,41.934,5.428,1.274,5.0,0.0,0.0,346.0
2014,3,Chubut,49,668,882,12,7,4060,67,2.0,2.013,6.281,60.771,34.0,0.0,0.0,0.0,0.0,317.0
2014,3,Córdoba,340,240,444,4,377,5423,585,200.0,660.0,98.992,435.692,28.992,18.888,84.0,664.0,0.0,366.0
2014,3,Corrientes,53,9,31,1,65,2279,64,33.0,21.0,15.448,41.717,5.181,1.172,0.0,0.0,0.0,341.0
2014,3,Entre Ríos,109,22,48,5,135,3498,137,115.0,1.709,29.71,91.45,12.569,1.31,0.0,48.0,0.0,340.0
2014,3,Formosa,21,5,0,0,80,1777,26,64.0,2.001,8.323,14.202,1.324,85.0,0.0,0.0,0.0,266.0
2014,3,Jujuy,30,4,22,37,13,1837,34,2.0,127.0,10.979,20.216,2.305,82.0,0.0,0.0,0.0,293.0
2014,3,La Pampa,16,34,538,11,677,5578,62,564.0,6.458,6.645,41.009,24.0,5.0,4.0,10.0,0.0,282.0
2014,3,La Rioja,16,0,14,1,37,1651,16,23.0,10.0,4.785,9.72,1.337,61.0,0.0,0.0,0.0,310.0
2014,3,Mendoza,150,13,3,40,2,3231,166,2.0,35.0,0.0,167.763,31.0,12.0,13.0,1.0,0.0,350.0
2014,3,Misiones,57,18,4,3,14,2357,75,0.0,640.0,13.637,53.51,5.928,1.606,0.0,1.0,0.0,358.0
2014,3,Neuquén,54,31,1,13,3,5640,100,2.0,1.522,3.099,80.09,107.0,2.865,10.0,27.0,0.0,374.0
2014,3,Río Negro,65,27,888,4,2,4620,97,1.0,3.64,5.189,86.868,87.0,1.944,8.0,9.0,0.0,348.0
2014,3,Salta,74,18,43,109,580,2922,93,25.0,732.0,17.481,66.026,8.314,388.0,0.0,0.0,0.0,341.0
2014,3,San Juan,48,451,731,1,1,2785,51,748.0,8.0,487.0,51.276,0.0,0.0,0.0,0.0,0.0,347.0
2014,3,San Luis,11,925,355,25,438,971,13,363.0,8.0,0.0,13.029,0.0,0.0,3.0,0.0,0.0,350.0
2014,3,Santa Cruz,18,492,385,4,3,2823,26,446.0,195.0,1.624,24.248,1.0,1.0,0.0,0.0,0.0,331.0
2014,3,Santa Fe,326,184,4,7,733,4920,520,691.0,8.23,112.593,357.615,23.962,12.124,38.0,806.0,0.0,338.0
2014,3,Santiago Del Estero,33,4,19,768,41,1649,38,9.0,791.0,9.914,23.826,2.867,142.0,0.0,0.0,0.0,310.0
2014,3,Tierra Del Fuego,22,3,650,1,3,6569,28,755.0,12.0,336.0,32.348,2.0,0.0,0.0,0.0,0.0,347.0
2014,3,Tucumán,132,97,117,13,100,3394,132,88.0,6.0,32.716,84.668,14.101,559.0,4.0,0.0,0.0,335.0
2014,2,Buenos Aires,2,1,120,17,33,5506,3,14.0,6.902,162.274,2288.772,140.226,56.549,284.0,4.309,0.0,385.0
2014,2,Capital Federal,448,828,18,2,15,11314,1,11.0,847.0,81.431,1078.213,87.359,56.004,59.0,6.427,0.0,425.0
2014,2,Catamarca,24,243,17,0,43,2470,25,23.0,19.0,8.844,13.794,1.915,111.0,0.0,0.0,0.0,292.0
2014,2,Chaco,53,10,30,0,58,2096,63,36.0,412.0,14.854,41.53,5.418,1.085,5.0,0.0,0.0,342.0
2014,2,Chubut,51,649,866,11,7,4141,69,2.0,2.064,6.582,61.868,0.0,0.0,0.0,0.0,0.0,316.0
2014,2,Córdoba,338,235,351,4,374,5345,577,205.0,2.105,101.598,429.536,28.698,14.824,76.0,627.0,0.0,356.0
2014,2,Corrientes,53,9,31,1,55,2258,63,33.0,20.0,15.563,41.219,5.199,956.0,0.0,0.0,0.0,337.0
2014,2,Entre Ríos,109,22,49,5,133,3469,135,115.0,2.187,32.781,86.757,12.564,1.162,0.0,44.0,0.0,331.0
2014,2,Formosa,21,5,0,0,78,1754,26,65.0,2.032,8.218,13.944,1.321,85.0,0.0,0.0,0.0,265.0
2014,2,Jujuy,30,4,23,40,9,1871,34,2.0,1.873,11.233,18.851,2.305,82.0,0.0,0.0,0.0,277.0
2014,2,La Pampa,16,33,513,6,689,4971,55,580.0,7.032,6.761,34.089,18.0,5.0,4.0,10.0,0.0,268.0
2014,2,La Rioja,16,0,14,0,34,1650,16,23.0,10.0,4.785,9.719,1.337,61.0,0.0,0.0,0.0,310.0
2014,2,Mendoza,149,13,2,36,2,3210,165,2.0,35.0,6.0,166.71,31.0,10.0,5.0,10.0,0.0,350.0
2014,2,Misiones,57,18,4,150,8,2337,75,0.0,540.0,13.644,53.245,5.924,1.334,2.0,0.0,0.0,354.0
2014,2,Neuquén,48,30,997,11,3,5084,90,2.0,1.531,3.206,79.087,92.0,2.289,2.0,30.0,0.0,366.0
2014,2,Río Negro,65,25,876,4,2,4533,95,1.0,3.468,5.507,84.978,78.0,1.569,2.0,8.0,0.0,343.0
2014,2,Salta,74,18,45,7,577,2891,92,25.0,53.0,18.818,64.44,8.293,388.0,0.0,0.0,0.0,339.0
2014,2,San Juan,48,451,722,1,1,2778,51,755.0,10.0,507.0,51.129,0.0,0.0,0.0,0.0,0.0,347.0
2014,2,San Luis,11,925,354,22,448,972,13,364.0,7.0,0.0,13.045,0.0,0.0,1.0,2.0,0.0,350.0
2014,2,Santa Cruz,19,448,381,4,3,2938,27,459.0,153.0,1.637,25.374,2.0,0.0,0.0,0.0,0.0,332.0
2014,2,Santa Fe,324,178,3,6,636,4839,512,605.0,8.515,115.197,353.559,23.939,10.058,34.0,792.0,0.0,331.0
2014,2,Santiago Del Estero,33,4,19,907,34,1670,38,9.0,1.231,9.914,23.842,2.867,142.0,0.0,0.0,0.0,307.0
2014,2,Tierra Del Fuego,22,3,648,1,3,6436,27,766.0,12.0,334.0,31.198,2.0,0.0,0.0,0.0,0.0,347.0
2014,2,Tucumán,132,97,121,13,98,3394,132,88.0,6.0,32.714,84.675,14.101,559.0,4.0,0.0,0.0,335.0
2014,1,Buenos Aires,2,1,121,17,34,5457,3,14.0,8.469,171.244,2279.875,121.787,38.923,206.0,4.037,0.0,373.0
2014,1,Capital Federal,446,820,18,2,15,11225,1,11.0,852.0,88.826,1096.05,70.293,38.798,55.0,6.208,0.0,402.0
2014,1,Catamarca,24,46,17,0,43,2425,24,23.0,19.0,9.147,13.33,1.672,64.0,0.0,0.0,0.0,280.0
2014,1,Chaco,53,9,30,0,58,2072,63,36.0,438.0,15.849,40.869,4.644,741.0,5.0,0.0,0.0,326.0
2014,1,Chubut,51,539,866,11,7,4124,68,2.0,7.452,10.0,61.329,0.0,0.0,0.0,0.0,0.0,318.0
2014,1,Córdoba,337,226,347,4,368,5252,567,205.0,2.076,107.705,423.114,24.112,9.818,40.0,588.0,0.0,339.0
2014,1,Corrientes,53,8,31,1,55,2232,62,33.0,20.0,16.357,40.742,4.486,630.0,0.0,0.0,0.0,322.0
2014,1,Entre Ríos,108,21,49,5,133,3437,134,115.0,2.177,35.206,85.248,10.828,746.0,0.0,43.0,0.0,317.0
2014,1,Formosa,21,5,0,0,100,1742,25,87.0,2.062,8.475,13.685,1.133,67.0,0.0,0.0,0.0,257.0
2014,1,Jujuy,30,4,23,0,9,1842,34,2.0,1.832,11.498,18.415,2.002,56.0,0.0,0.0,0.0,269.0
2014,1,La Pampa,16,31,513,6,701,4843,54,592.0,7.434,6.535,32.501,17.0,5.0,4.0,10.0,0.0,265.0
2014,1,La Rioja,16,0,14,0,34,1629,16,23.0,10.0,5.111,9.39,1.165,35.0,0.0,0.0,0.0,296.0
2014,1,Mendoza,149,12,2,37,2,3191,164,2.0,35.0,6.0,166.655,19.0,10.0,6.0,9.0,0.0,350.0
2014,1,Misiones,57,17,4,150,8,2314,74,0.0,545.0,14.46,52.852,5.139,958.0,0.0,0.0,0.0,340.0
2014,1,Neuquén,48,28,997,10,3,4979,88,2.0,4.133,987.0,77.148,84.0,1.582,2.0,22.0,0.0,355.0
2014,1,Río Negro,65,24,876,4,2,4491,94,1.0,4.67,4.618,84.304,73.0,1.062,1.0,8.0,0.0,335.0
2014,1,Salta,73,18,45,8,568,2870,91,25.0,53.0,19.677,64.061,7.192,314.0,0.0,0.0,0.0,330.0
2014,1,San Juan,48,434,722,808,1,2760,51,755.0,531.0,2.0,51.056,0.0,0.0,0.0,0.0,0.0,347.0
2014,1,San Luis,11,428,354,21,448,935,12,364.0,7.0,3.0,12.544,0.0,1.0,0.0,2.0,0.0,350.0
2014,1,Santa Cruz,19,100,381,4,3,2894,26,460.0,161.0,1.625,24.972,1.0,1.0,0.0,0.0,0.0,332.0
2014,1,Santa Fe,323,174,3,6,644,4785,506,612.0,8.456,124.468,345.225,20.328,6.845,23.0,668.0,0.0,315.0
2014,1,Santiago Del Estero,33,4,19,915,34,1631,37,9.0,1.234,10.531,22.817,2.422,109.0,0.0,0.0,0.0,295.0
2014,1,Tierra Del Fuego,22,3,648,1,3,6397,27,766.0,12.0,607.0,30.902,6.0,0.0,0.0,0.0,0.0,345.0
2014,1,Tucumán,130,83,121,13,98,3342,130,88.0,6.0,34.672,83.21,11.779,362.0,3.0,0.0,0.0,321.0
